Q1,Q2,Q3,Q4,Q5,Q6,id
1,[4 5],[],[0],[],[0] ,abs07315
[1],[2],[],[0],[],[1] ,abs21792
[0],[4 5],[],[],[1],[1] ,abs08783
[1],[4 6],[2],[0],[],[0] ,abs08245
[1],[6],[2],[0],[],[1] ,abs21550
[1],[3 6],[],[],[],[1] ,abs20018
[1],[5 6],[],[0],[],[0] ,abs20358
[1],[5 6],[],[0],[],[0] ,abs01005
[1],[5 6],[],[0],[],[0] ,abs12698
[1],[6],[],[0],[1],[1] ,abs20262
[0],[],[],[],[1],[1] ,abs18568
[0],[],[],[],[],[1] ,abs04561
[0],[],[],[],[1],[1] ,abs19809
[1],[3 6],[],[0],[1],[1] ,abs20739
[1],[6],[2],[0],[],[0] ,abs15183
[1],[6],[],[0],[1],[1] ,abs05533
[0],[],[],[],[],[0] ,abs12131
[1],[6],[2],[0],[],[1] ,abs17250
[1],[2],[],[14],[],[1] ,abs19925
1,[3 6],[],[0],1,1 ,abs18879
[0],[],[],[],[0],[1] ,abs13849
[1],[2],[],[0],[],[1] ,abs21795
1,[5 6],[1],[0],1,0 ,abs16435
[1],[3 6],[],[3],[1],[1] ,abs20524
[1],[4 5],[],[15],[1],[1] ,abs18046
[0],[],[],[],[0],[1] ,abs08708
[0],[],[],[],[],[0] ,abs08541
[1],[7],[],[0],[],[1] ,abs03459
[1],[6],[2],[0],[],[1] ,abs03942
[1],[6],[],[0],[],[1] ,abs21381
[1],[4 5 6 7],[],[0],[],[1] ,abs13490
[1],[4 5],[1],[23],[],[0] ,abs15700
[1],[4 5 6],[2],[0],[],[0] ,abs12820
[0],[],[],[],[1],[1] ,abs04400
[1],[2],[],[0],[1],[1] ,abs03188
[1],[2],[],[12],[],[1] ,abs17230
1,6,[],[],1,1 ,abs21652
[1],[2 4 5],[],[7],[],[1] ,abs10907
[1],[2],[2],[9 30],[1],[1] ,abs10011
1,3,2,[],1,1 ,abs18687
1,4 5,1,0,1,0 ,abs07326
[1],[0],[0],[3],[1],[1] ,abs02635
[1],[2],[],[10],[],[1] ,abs10322
[1],[2],[],[3],[],[1] ,abs04423
[1],[2],[],[0],[],[1] ,abs22262
[0],[],[],[],[],[1] ,abs06393
1,6 7,1,0,1,0 ,abs19842
1,3,2,[0],1,1 ,abs06787
[1],[4 5 6],[],[0],[],[0] ,abs05966
[1],[4 5 6],[2],[0],[],[0] ,abs15866
[0],[],[],[],[],[0] ,abs09482
[1],[2],[2],[12],[1],[1] ,abs21866
[0],[],[],[],[0],[1] ,abs02685
[1],[4 5 6],[],[0],[1],[1] ,abs16524
[1],[4 5],[],[3],[],[1] ,abs07968
[0],[],[2],[0],[1],[1] ,abs17341
[1],[4 5],[1],[0],[1],[0] ,abs11697
[1],[6],[2],[0],[1],[1] ,abs20880
[1],[6],[2],[0],[],[0] ,abs04309
[0],[],[],[],[0],[1] ,abs10076
1,[4 5],[],[0],[],[0] ,abs07242
[1],[4 5 6],[2],[0],[1],[0] ,abs12755
[1],[1 2],[2],[9 22 33 40],[1],[1] ,abs18686
[0],[],[],[],[1],[1] ,abs18350
[1],[6],[2],[0],[1],[0] ,abs20363
[1],[4 6],[],[0],[1],[1] ,abs15675
[1],[4 5],[1],[0],[],[0] ,abs04035
[0],[],[],[],[],[1] ,abs04655
[0],[],[],[],[0],[1] ,abs14813
[1],[4 5],[],[0],[1],[1] ,abs08824
[0],[],[],[],[1],[1] ,abs02104
[0],[],[],[],[],[1] ,abs09704
1,[4 5 6],2,[0],1,1 ,abs06138
1,1 2,2,2,1,1 ,abs15328
[1],[4 5],[],[0],[1],[1] ,abs07791
1,4 5,2,0,1,0 ,abs13037
[1],[4 5],[1],[0],[],[0] ,abs13613
[0],[],[],[],[0],[0] ,abs05377
[1],[6],[],[0],[1],[1] ,abs04718
[0],[],[],[],[1],[1] ,abs15709
[1],[2 4 5],[],[15],[1],[1] ,abs16837
[0],[],[2],[0],[1],[1] ,abs09325
[1],[5],[1],[0],[1],[0] ,abs12584
[0],[],[],[],[1],[1] ,abs14678
[1],[4 5],[1],[0],[1],[0] ,abs13539
[1],[6 7],[1],[0],[1],[0] ,abs14983
[1],[4 5],[],[0],[],[1] ,abs21036
1,4 5,2,0,1,1 ,abs11039
[1],[3 6],[2],[0],[1],[0] ,abs19466
1,[4 6],2,[0],1,1 ,abs18818
[1],[4 5],[1],[0],[1],[0] ,abs11898
[1],[2],[],[16 22],[],[1] ,abs01694
1,[7],[],[0],[],1 ,abs20208
[1],[4 5],[1],[0],[],[0] ,abs16757
[1],[3],[1],[0],[1],[1] ,abs16563
1,4 5 6 7,2,0,1,1 ,abs19331
[1],[6],[0],[0],[],[0] ,abs13462
1,4 5,1,0,1,0 ,abs11587
[1],[4 5],[],[0],[],[0] ,abs11072
[1],[3],[2],[0],[1],[1] ,abs01187
[0],[],[],[],[1],[1] ,abs11280
[1],[2],[],[3],[],[1] ,abs04443
[1],[1 2],[2],[7],[1],[1] ,abs15475
[1],[4 5],[2],[0],[1],[1] ,abs08461
[0],[],[],[],[0],[1] ,abs03689
[1],[4 5 6],[1],[0],[1],[0] ,abs12023
[1],[4],[2],[0],[],[1] ,abs08596
[1],[2],[2],[0],[1],[1] ,abs19749
[0],[],[],[],[1],[1] ,abs18286
[1],[6],[],[0],[],[0] ,abs09522
[1],[4 6],[2],[0],[],[1] ,abs12206
[0],[],[],[],[0],[0] ,abs11671
[0],[],[],[],[0],[1] ,abs12998
[1],[4 5 6 7],[],[0],[],[1] ,abs06137
[1],[2],[0],[3],[1],[1] ,abs10356
[0],[],[],[],[1],[1] ,abs22219
[0],[],[],[],[],[1] ,abs16838
[1],[4 5],[1],[0],[1],[0] ,abs13285
[1],[5],[1],[0],[1],[1] ,abs12448
[0],[],[],[],[1],[1] ,abs03176
[1],[6],[],[0],[1],[1] ,abs01700
[0],[],[],[],[1],[1] ,abs01506
[1],[2],[],[3],[],[1] ,abs18617
1,3,2,0,1,1 ,abs03842
1,4 5,1,0,1,1 ,abs19254
[0],[],[],[],[],[0] ,abs16348
[1],[4 5],[1],[0],[1],[0] ,abs12100
[0],[],[],[],[],[0] ,abs12823
[1],[6],[2],[0],[1],[1] ,abs17348
[1],[6],[],[0],[],[1] ,abs19134
[1],[4 5 6],[],[0],[],[0] ,abs08077
[1],[6],[],[3],[1],[1] ,abs20517
[1],[3 6],[],[3],[1],[1] ,abs10682
[1],[6],[2],[0],[],[1] ,abs02611
[1],[6],[],[0],[],[0] ,abs10507
[1],[6],[2],[0],[1],[1] ,abs01797
[0],[],[],[],[1],[1] ,abs00965
[1],[1 2],[],[26],[1],[0] ,abs13510
[1],[4 5 6],[2],[0],[1],[0] ,abs09344
[1],[4 5],[2],[0],[],[0] ,abs08252
[1],[4 5 6],[],[0],[],[1] ,abs07495
[1],[2 3],[2],[12],[1],[1] ,abs20401
1,[4 5 6],2,[0],1,1 ,abs06092
[1],[6],[1],[0],[],[0] ,abs05598
[1],[6],[2],[0],[1],[1] ,abs10354
[1],[2],[],[0],[],[1] ,abs17646
[1],[6],[2],[0],[],[0] ,abs10906
[1],[6],[2],[0],[1],[1] ,abs03287
[1],[6],[],[0],[],[1] ,abs02278
[1],[4 5 6],[2],[0],[],[1] ,abs01444
[1],[4 5],[],[0],[1],[1] ,abs08829
[0],[],[],[],[1],[1] ,abs04391
1,[3],2,[0],1,1 ,abs20250
[1],[6],[2],[0],[1],[1] ,abs22104
[1],[6],[],[0],[1],[1] ,abs08181
1,2,2,0,1,1 ,abs01269
1,[3 6],[],[0],1,1 ,abs17643
1,6,2,[],1,1 ,abs21607
[1],[4],[1],[3],[1],[1] ,abs21104
[1],[4 5 6],[],[0],[],[0] ,abs08467
[1],[6],[2],[3],[],[0] ,abs20265
[1],[6],[1],[0],[],[0] ,abs18962
[1],[2],[2],[3],[1],[1] ,abs09965
[1],[4 5 6],[],[8],[],[0] ,abs13608
[1],[6],[2],[0],[],[0] ,abs11355
[1],[4 5],[1],[0],[],[0] ,abs08206
[1],[4 5],[1],[0],[],[0] ,abs19944
[1],[6],[2],[0],[1],[1] ,abs13965
[1],[6],[2],[0],[],[0] ,abs14984
[0],[],[],[],[],[1] ,abs02026
[1],[2 3],[],[0],[],[1] ,abs20304
[1],[5 6],[1],[0],[1],[1] ,abs09230
[1],[6],[2],[0],[1],[1] ,abs21955
[0],[],[],[],[1],[1] ,abs14211
[1],[2],[],[7],[],[1] ,abs05184
[0],[],[],[],[],[1] ,abs01463
[1],[2],[2],[0],[1],[1] ,abs16974
[1],[6 7],[2],[3],[],[0] ,abs20868
[1],[3],[2],[3],[1],[1] ,abs13724
[1],[2],[],[3],[1],[1] ,abs17121
[1],[3 5],[1],[0],[1],[0] ,abs19487
[1],[3 6],[2],[3],[1],[1] ,abs18894
[0],[4 5 6],[2],[0],[1],[0] ,abs12750
1,6,2,0,1,1 ,abs13675
[1],[2],[],[10],[],[1] ,abs21972
[1],[6],[2],[15 16],[],[1] ,abs20888
[1],[6],[2],[0],[],[1] ,abs09976
[0],[],[],[],[],[1] ,abs18039
[1],[4 5 6],[],[0],[],[0] ,abs14994
[1],[4 6],[2],[0],[],[0] ,abs08504
[1],[6],[2],[0],[],[1] ,abs14075
[1],[5],[2],[0],[],[0] ,abs16794
[0],[],[],[],[],[1] ,abs14803
[1],[5 6],[],[0],[],[0] ,abs11945
1,[6 7],[],[0],[],[0] ,abs19076
[1],[6],[2],[0],[],[1] ,abs03115
[1],[6],[2],[0],[],[1] ,abs03062
[1],[4 5 6],[1],[0],[1],[0] ,abs11734
[1],[4 5 6],[],[0],[1],[1] ,abs08179
[1],[5 6],[],[0],[],[0] ,abs09807
[0],[],[],[],[1],[1] ,abs13624
1,[4 5],[2],[0],[],[0] ,abs08189
[0],[],[],[],[],[0] ,abs15976
[1],[6 7],[2],[0],[],[1] ,abs04976
[0],[],[],[],[1],[1] ,abs15662
[1],[4 5 6],[],[0],[],[0] ,abs16478
[1],[6],[2],[0],[],[0] ,abs21004
[1],[2],[],[12],[1],[1] ,abs18326
[1],[1 2],[2],[40],[1],[1] ,abs16965
[1],[2],[],[3],[1],[1] ,abs06715
[1],[2 4 5],[1],[18],[],[1] ,abs04060
[1],[5],[1],[0],[1],[1] ,abs11752
[0],[],[],[],[],[0] ,abs04257
[1],[5 6],[],[0],[],[0] ,abs21183
[1],[5 6],[2],[0],[],[0] ,abs16145
[1],[6],[2],[0],[1],[1] ,abs00438
[1],[6],[0],[0],[],[0] ,abs04580
1,6,2,0,1,0 ,abs21930
[1],[2],[2],[18 26 28 33 39],[1],[1] ,abs01645
[1],[6],[1],[0],[1],[1] ,abs17123
[1],[2],[2],[3],[1],[1] ,abs17512
1,4 5,2,0,1,0 ,abs12980
[1],[5 6],[1],[0],[1],[0] ,abs06278
[1],[4 5 6],[2],[0],[1],[1] ,abs12881
[1],[5 6],[1],[0],[1],[0] ,abs02025
[1],[2],[],[],[1],[1] ,abs10664
[1],[6],[2],[0],[],[1] ,abs19007
[1],[6],[1],[0],[1],[0] ,abs09838
[1],[6],[2],[0],[1],[0] ,abs07304
[1],[3],[],[0],[1],[1] ,abs20219
[1],[4 5],[],[0],[1],[0] ,abs07229
[1],[2],[],[],[1],[1] ,abs14247
[1],[6],[2],[0],[],[0] ,abs00886
[1],[4 5],[2],[0],[],[1] ,abs05543
[0],[],[],[],[0],[1] ,abs02890
[0],[],[],[],[1],[1] ,abs17185
[1],[4 5],[],[0],[],[0] ,abs07119
[0],[],[],[],[],[1] ,abs16866
[0],[],[],[],[],[1] ,abs02632
1,4 5,2,0,1,0 ,abs13503
[0],[],[],[],[1],[1] ,abs01945
[1],[6],[],[0],[1],[0] ,abs01047
[1],[6],[1],[0],[],[0] ,abs20883
[0],[],[],[],[],[0] ,abs10801
1,6,2,[],1,1 ,abs10355
[1],[4 5],[],[],[],[1] ,abs16644
[1],[3 6],[],[0],[1],[1] ,abs18947
[1],[5],[1],[0],[],[0] ,abs14851
[1],[6],[2],[0],[1],[1] ,abs04795
1,4 5,2,0,1,1 ,abs08676
[1],[5],[1],[0],[],[0] ,abs20762
[1],[6],[2],[0],[],[1] ,abs02113
[1],[0],[2],[0],[],[1] ,abs19789
[0],[],[],[],[1],[1] ,abs02359
[0],[],[],[],[],[0] ,abs05060
[1],[6],[2],[3],[1],[1] ,abs17459
[1],[4 5],[1],[0],[1],[0] ,abs22116
[1],[4 5],[1],[0],[],[0] ,abs07631
1,5 6,1,0,1,0 ,abs11715
[1],[4 5 6 7],[],[0],[],[0] ,abs11314
[1],[6],[],[0],[1],[1] ,abs04102
[1],[6],[2],[0],[1],[1] ,abs20084
[1],[6],[2],[0],[],[0] ,abs20151
[0],[],[],[],[1],[1] ,abs18524
[1],[3 6],[],[0],[],[1] ,abs20760
[0],[],[],[],[1],[1] ,abs04016
[0],[],[],[],[1],[1] ,abs03910
[0],[],[],[],[1],[1] ,abs02227
[1],[2],[2],[12],[1],[1] ,abs18275
[1],[3],[],[0],[1],[0] ,abs01118
[1],[1 2],[],[10],[],[1] ,abs21939
[1],[6],[2],[0],[],[1] ,abs17803
[1],[4 5],[1],[0],[1],[1] ,abs16085
1,[6 7],[2],[0],[1],[0] ,abs17131
[0],[],[],[],[],[1] ,abs01258
[1],[3],[],[0],[1],[1] ,abs20647
[1],[4 5],[],[0],[],[1] ,abs17977
[1],[6],[],[0],[],[1] ,abs20172
[1],[4 5],[],[0],[1],[1] ,abs05940
[1],[5 6],[1],[0],[1],[0] ,abs05519
[1],[6],[2],[0],[],[0] ,abs21190
[1],[4 5],[2],[0],[],[0] ,abs18093
[1],[5],[1],[0],[1],[1] ,abs11704
[0],[],[],[],[0],[1] ,abs17581
[1],[4 5],[1],[0],[],[0] ,abs15767
[1],[6],[2],[0],[1],[1] ,abs19961
[1],[6],[],[0],[],[0] ,abs07475
[1],[4 5 6 7],[2],[0],[],[0] ,abs11074
[1],[4 5],[2],[0],[],[0] ,abs12462
1,5 6,1,0,1,0 ,abs11638
[1],[6],[2],[0],[],[0] ,abs13287
[1],[4 5 6],[2],[0],[],[0] ,abs06319
[1],[4 5 6],[],[0],[1],[1] ,abs21106
[1],[4 5],[1],[0],[1],[0] ,abs12439
[0],[],[],[],[],[0] ,abs13313
[1],[6],[2],[0],[],[1] ,abs21814
[1],[4 5],[],[0],[],[0] ,abs06193
[1],[0],[2],[0],[1],[1] ,abs20015
[0],[],[],[],[0],[1] ,abs04338
[0],[],[],[],[1],[1] ,abs00389
1,1 2 3,2,0,1,0 ,abs22040
[1],[2],[0],[0],[1],[1] ,abs10430
[1],[6],[2],[0],[1],[0] ,abs08144
[1],[6],[2],[0],[0],[1] ,abs18282
[1],[4 5 6],[2],[0],[],[0] ,abs14644
[1],[4 5 6],[],[0],[],[0] ,abs19294
[1],[0],[2],[0],[1],[1] ,abs10129
1,2,2,3,1,1 ,abs07063
[1],[6],[1],[0],[1],[0] ,abs21544
[1],[1 2],[2],[7],[1],[1] ,abs07088
[1],[5 6],[],[0],[],[0] ,abs05294
[0],[],[],[],[0],[1] ,abs03573
[1],[3 5 6],[],[0],[],[0] ,abs16769
[1],[4 5 6],[],[0],[],[0] ,abs16899
[0],[],[],[],[0],[0] ,abs06747
[1],[6],[1],[3],[],[0] ,abs19009
[1],[5 6],[2],[0],[1],[1] ,abs13398
[0],[],[],[],[1],[1] ,abs01304
[1],[6 7],[2],[0],[],[0] ,abs16039
[1],[6],[],[0],[],[1] ,abs07080
[1],[6],[2],[0],[],[0] ,abs06888
[0],[],[],[],[1],[1] ,abs17405
[1],[2],[2],[26 28 33 39],[1],[1] ,abs00710
[1],[4 5],[],[0],[],[1] ,abs07947
[1],[4 5],[],[0],[],[0] ,abs04804
[1],[6],[2],[0],[],[0] ,abs05825
[0],[],[],[],[],[1] ,abs15846
[0],[],[],[],[],[0] ,abs15563
[1],[4 5],[2],[0],[],[0] ,abs07802
1,[5 6],[2],[0],[1],[0] ,abs11917
[1],[5 6],[],[0],[1],[0] ,abs16928
[1],[1 2],[1],[9 22],[],[0] ,abs11973
1,[5],1,[0],1,1 ,abs11260
[1],[4 5 6],[],[0],[],[0] ,abs16083
[1],[2],[],[0],[],[0] ,abs04021
[0],[],[],[],[],[1] ,abs17316
[1],[2],[],[10],[],[1] ,abs17271
[1],[6],[],[0],[],[0] ,abs06866
[1],[2],[0],[0],[0],[1] ,abs14271
[1],[3],[1],[0],[1],[0] ,abs04305
[1],[1 2 6],[],[23],[],[0] ,abs20427
[1],[4 5],[1],[0],[],[0] ,abs12087
[1],[6],[2],[0],[],[0] ,abs07330
1,1 2,2,7 22,1,1 ,abs14392
[1],[6],[],[0],[],[1] ,abs04132
[1],[5],[1],[0],[1],[0] ,abs14557
[1],[6],[],[0],[],[1] ,abs02185
[1],[4 5],[],[0],[],[0] ,abs17959
[1],[4 5],[],[0],[1],[1] ,abs07503
[1],[5 6],[1],[0],[],[0] ,abs15941
[1],[4 5],[0],[0],[1],[0] ,abs09493
[0],[],[],[],[1],[1] ,abs17762
[1],[4 5],[2],[0],[],[1] ,abs11457
[1],[4 5],[1],[0],[],[0] ,abs07828
[0],[],[],[],[1],[1] ,abs04351
[1],[6],[2],[0],[],[0] ,abs14922
[1],[4 5],[],[0],[],[0] ,abs06111
[0],[],[],[],[0],[1] ,abs04123
[1],[2 3 6],[2],[3],[1],[1] ,abs02936
[0],[],[],[],[1],[1] ,abs14111
[1],[4 5],[],[0],[],[0] ,abs09292
[1],[6],[],[0],[],[0] ,abs05046
[0],[],[],[],[1],[1] ,abs02495
[0],[],[],[],[0],[1] ,abs13725
[1],[6],[1],[0],[],[0] ,abs01807
[1],[6],[0],[0],[],[0] ,abs04246
[1],[5 6],[],[0],[1],[1] ,abs03017
[1],[2 6],[],[13 15 18 22],[1],[1] ,abs04383
[1],[6],[2],[0],[1],[1] ,abs19743
[1],[4 5],[1],[0],[1],[1] ,abs14573
[0],[],[],[],[0],[1] ,abs02871
[0],[],[],[],[1],[1] ,abs12664
[0],[],[],[],[],[1] ,abs18218
[1],[6],[1],[0],[],[0] ,abs12525
1,0,0,[],1,1 ,abs21323
[1],[4 5],[],[0],[],[0] ,abs08743
[1],[6],[2],[0],[1],[1] ,abs09939
[1],[6],[2],[0],[],[0] ,abs15763
[0],[],[],[],[],[0] ,abs07979
[0],[],[],[],[],[1] ,abs12843
[0],[],[],[],[],[1] ,abs05146
[1],[6],[2],[0],[1],[1] ,abs19810
[1],[2 3],[],[],[1],[1] ,abs06981
[1],[2],[],[7],[1],[0] ,abs10135
[1],[6],[],[0],[1],[1] ,abs18628
[1],[4],[],[0],[],[1] ,abs08773
[1],[4 5 6],[],[0],[],[1] ,abs05836
[1],[6],[2],[0],[1],[0] ,abs12738
[1],[6],[2],[0],[1],[1] ,abs13809
[0],[],[],[],[],[0] ,abs09440
[1],[4 5],[],[0],[],[1] ,abs13050
[1],[2],[],[3],[1],[1] ,abs10285
[0],[],[],[],[],[1] ,abs00751
[1],[2],[2],[15],[1],[1] ,abs20361
[1],[4 5 6],[2],[0],[1],[0] ,abs05313
[1],[4 5],[2],[0],[1],[0] ,abs16463
1,2,2,0,1,1 ,abs10601
[1],[4 5 6],[2],[0],[],[0] ,abs17363
[0],[],[],[],[1],[1] ,abs05624
[1],[3 6],[],[0],[1],[1] ,abs18673
[1],[4 5],[1],[0],[],[0] ,abs09458
[1],[3 5 6],[],[15],[],[0] ,abs19754
[0],[],[],[],[],[0] ,abs00687
[0],[],[],[],[],[0] ,abs03419
[1],[6],[1],[0],[1],[1] ,abs07333
[1],[6],[2],[0],[],[1] ,abs09128
[1],[3],[],[0],[1],[1] ,abs02103
1,[6],[],[0],1,0 ,abs19141
[1],[2],[2],[7],[0],[1] ,abs06518
[0],[],[],[],[1],[1] ,abs13685
1,6,2,0,1,1 ,abs19950
[0],[],[],[],[],[1] ,abs00801
[1],[2],[2],[3],[1],[1] ,abs17696
[1],[2],[1],[13],[1],[1] ,abs14839
[0],[],[1],[0],[1],[1] ,abs09244
[1],[5 6 7],[],[0],[],[0] ,abs06223
[1],[4],[2],[0],[1],[1] ,abs19648
[0],[],[],[],[],[1] ,abs10348
[1],[4 6],[2],[0],[],[0] ,abs16196
[1],[6],[2],[0],[],[1] ,abs21842
[0],[],[],[],[0],[1] ,abs18502
1,[4 5],[],[0],1,1 ,abs07850
[0],[],[],[],[1],[1] ,abs10064
[1],[6],[2],[0],[1],[1] ,abs17337
[0],[],[0],[],[0],[0] ,abs08209
[1],[4 5],[],[0],[],[0] ,abs16596
[1],[6],[],[0],[],[1] ,abs04269
[1],[5],[1],[0],[1],[1] ,abs11307
[1],[2 3 6],[1],[5 15 22 32 33 40],[1],[1] ,abs06451
[0],[],[],[],[0],[0] ,abs15132
[1],[4 5],[2],[0],[1],[0] ,abs05790
[1],[6],[],[0],[],[0] ,abs05197
[1],[4 5],[1],[0],[1],[0] ,abs16662
[1],[6 7],[2],[0],[1],[0] ,abs04325
[1],[4 5],[1],[0],[1],[0] ,abs08447
[1],[4 5 6],[2],[0],[],[0] ,abs12374
[0],[],[],[],[],[0] ,abs15873
[0],[],[],[],[1],[1] ,abs04816
[0],[],[],[],[1],[1] ,abs18405
[1],[3],[2],[0],[1],[1] ,abs17224
[0],[],[],[],[],[0] ,abs06417
[1],[4 5 6 7],[2],[0],[1],[0] ,abs15315
[0],[],[],[],[1],[1] ,abs06613
[1],[4 5],[2],[0],[],[0] ,abs19347
[1],[4 5 6],[],[0],[],[0] ,abs06102
[1],[4 5 6],[],[0],[],[0] ,abs05879
[0],[],[],[],[1],[1] ,abs02644
[1],[5 6],[],[0],[],[0] ,abs10819
[1],[2],[],[12],[1],[1] ,abs18319
1,[6],2,[0],1,1 ,abs20006
1,4 5,2,0,1,0 ,abs06134
[1],[3 5],[2],[0],[1],[1] ,abs01465
1,4 5,2,0,1,1 ,abs13512
[0],[],[],[],[1],[1] ,abs13868
[1],[5],[1],[0],[1],[0] ,abs11451
[0],[],[0],[],[0],[0] ,abs18114
1,[3],[2],[0],[1],1 ,abs01585
[0],[],[],[],[],[0] ,abs16686
[1],[1 12],[2],[11],[1],[1] ,abs18300
[1],[2],[],[16 17 22],[1],[1] ,abs00683
[1],[4 5],[1],[0],[],[0] ,abs12451
[1],[6],[2],[0],[],[1] ,abs22214
[1],[4 5 6],[2],[0],[1],[0] ,abs12568
[1],[5],[2],[0],[1],[0] ,abs15783
[1],[6],[],[0],[],[0] ,abs15319
[1],[4 5],[],[0],[],[0] ,abs03046
1,[4 5],[],[0],[],[0] ,abs14528
[0],[],[],[],[1],[1] ,abs14625
[1],[4 5],[],[0],[],[0] ,abs05890
[1],[4 5],[2],[0],[1],[0] ,abs16681
[1],[6],[2],[0],[1],[1] ,abs14206
1,2,2,0,1,1 ,abs14285
[1],[6],[2],[3],[1],[1] ,abs12596
[1],[6],[2],[0],[],[0] ,abs02142
[1],[3],[2],[0],[1],[1] ,abs10028
[0],[],[],[],[],[0] ,abs14859
[0],[],[],[],[],[0] ,abs08943
[1],[6],[],[0],[],[1] ,abs18745
[1],[4 5],[2],[0],[],[0] ,abs21393
[1],[4 5],[],[0],[],[0] ,abs11593
[1],[6],[2],[0],[1],[1] ,abs10170
1,[4 5],[],[0],1,1 ,abs13118
1,4 6,2,0,1,1 ,abs18771
[1],[4 5],[1],[0],[],[0] ,abs15436
[1],[2],[],[0],[],[1] ,abs09933
1,[4 5 6 7],2,[0],1,[0] ,abs15375
[1],[3 6],[1],[0],[],[0] ,abs02457
[0],[],[],[],[0],[1] ,abs18163
[0],[],[],[],[1],[1] ,abs01200
[1],[6 7],[],[0],[],[1] ,abs00016
1,[3 5 6],1,[0],1,1 ,abs16265
[1],[5],[],[0],[],[0] ,abs15635
[1],[2],[],[0],[],[1] ,abs17148
[0],[],[],[],[],[0] ,abs16317
[1],[4 5 6],[1],[0],[1],[0] ,abs11418
[1],[6],[],[0],[],[0] ,abs03278
[0],[],[],[],[1],[1] ,abs01919
1,2,1,8,1,1 ,abs22002
[1],[6 7],[2],[0],[],[0] ,abs09006
[1],[1 2],[2],[3],[1],[1] ,abs02133
[1],[6],[0],[0],[1],[0] ,abs12167
[1],[4 5],[],[0],[],[0] ,abs14771
1,4 5,1,0,1,0 ,abs19024
[1],[6],[],[0],[],[1] ,abs00680
[1],[2],[2],[0],[1],[0] ,abs10488
[1],[4 6],[1],[0],[1],[1] ,abs19806
[1],[5],[1],[16],[1],[1] ,abs11990
[1],[3],[1],[0],[],[0] ,abs08487
[0],[],[],[],[1],[1] ,abs00183
[1],[1 2],[],[5],[],[0] ,abs20365
[1],[1 2],[2],[7],[2],[1] ,abs16726
[1],[5 6],[],[0],[],[0] ,abs07235
[1],[4 5 6],[],[0],[],[0] ,abs08169
[1],[5 6],[],[0],[],[0] ,abs05359
[1],[4 5],[],[25],[],[1] ,abs17986
[0],[],[],[],[],[0] ,abs09480
[1],[1 2],[],[40],[1],[1] ,abs04259
[0],[],[],[],[],[0] ,abs12354
[1],[3 4 5 6 7],[],[3],[],[1] ,abs21065
[1],[6],[],[0],[],[0] ,abs18731
[1],[3 6],[2],[0],[1],[1] ,abs07820
[1],[5 6],[1],[0],[1],[0] ,abs14649
[1],[3 6],[1],[0],[1],[0] ,abs21325
[1],[4 6],[2],[0],[1],[1] ,abs03869
[1],[4 5],[],[0],[1],[1] ,abs21377
1,4 5,2,0,1,1 ,abs11650
[0],[],[],[],[0],[1] ,abs14228
[1],[2],[],[0],[],[1] ,abs21840
[1],[2],[],[0],[],[0] ,abs04885
[1],[4 5],[],[0],[],[0] ,abs07688
[0],[],[],[],[1],[1] ,abs21543
[0],[],[],[],[0],[1] ,abs04554
[1],[3],[2],[0],[1],[1] ,abs03407
[0],[],[],[],[1],[0] ,abs11657
[1],[4 5 6],[],[0],[],[0] ,abs07438
[1],[4 5 6 7],[],[0],[],[0] ,abs05996
[0],[],[],[],[0],[1] ,abs00825
[1],[5 6],[1],[0],[1],[0] ,abs12027
[1],[6],[],[0],[1],[1] ,abs21289
[1],[4 5],[],[0],[],[0] ,abs13064
1,5 6,2,0,1,0 ,abs15006
[1],[4 5],[],[0],[],[0] ,abs02709
1,2 4,2,3,1,1 ,abs10332
[0],[],[2],[0],[0],[1] ,abs02057
[1],[2],[2],[18  22],[1],[1] ,abs22226
[1],[2],[],[0],[],[1] ,abs02041
[1],[4],[1],[3],[1],[1] ,abs21140
[1],[5 6],[2],[0],[],[0] ,abs12886
[1],[2],[],[3],[1],[1] ,abs17637
[0],[],[],[],[],[0] ,abs01639
[1],[4 5 6],[1],[0],[],[0] ,abs06274
[0],[],[],[],[],[0] ,abs04449
1,[5 6],1,[0],1,0 ,abs07612
[1],[2],[],[],[],[1] ,abs22071
[1],[4 5],[],[0],[],[0] ,abs13417
[1],[4 5],[1],[0],[],[0] ,abs08921
[1],[6],[],[0],[],[0] ,abs01991
[0],[],[],[],[1],[1] ,abs10196
[1],[4 5 6],[],[0],[],[0] ,abs08310
[1],[6],[],[0],[],[1] ,abs19624
1,4 5,1,0,1,1 ,abs09559
[1],[5 6],[],[0],[],[0] ,abs09132
[1],[6],[],[0],[1],[1] ,abs01857
1,2,2,0,2,1 ,abs00931
[1],[4 5],[2],[0],[],[0] ,abs05758
[1],[4 5],[],[0],[],[0] ,abs19160
[0],[],[],[],[1],[1] ,abs17059
[1],[4 5 6],[],[0],[],[0] ,abs18828
1,4 5,1,0,1,0 ,abs05848
[0],[],[],[],[1],[1] ,abs01451
[0],[],[],[],[],[1] ,abs11421
[0],[],[],[],[0],[1] ,abs02483
[1],[6],[2],[0],[],[1] ,abs22215
[1],[4 5],[],[0],[],[1] ,abs08980
[1],[6],[2],[0],[],[0] ,abs10776
[0],[],[],[],[1],[1] ,abs00401
[1],[3 6],[2],[0],[1],[1] ,abs03741
[1],[4 5 6],[1],[0],[1],[0] ,abs07184
[0],[],[],[],[1],[1] ,abs02128
[1],[4 5 6],[],[0],[],[0] ,abs12779
[1],[5 6],[1],[0],[],[0] ,abs09255
[1],[6],[2],[0],[],[0] ,abs06144
[1],[5],[1],[0],[1],[1] ,abs00962
[0],[],[],[],[1],[1] ,abs16904
[1],[5],[1],[0],[],[0] ,abs03315
[0],[],[],[],[],[0] ,abs01359
[1],[6],[],[0],[],[0] ,abs12128
[1],[4 5 6],[],[0],[],[0] ,abs08747
[0],[],[],[],[],[1] ,abs21523
[1],[2],[],[0],[],[1] ,abs13796
[0],[],[],[],[1],[1] ,abs05109
[1],[4 5],[2],[0],[],[0] ,abs11894
[1],[4 5],[1],[0],[1],[0] ,abs07237
[1],[6],[2],[0],[],[0] ,abs04198
[1],[6 7],[],[0],[],[1] ,abs20934
[0],[],[],[],[1],[1] ,abs03054
[0],[],[],[],[1],[1] ,abs06752
[1],[4 5],[],[0],[1],[1] ,abs05892
[0],[],[2],[0],[1],[1] ,abs00631
[1],[2],[2],[0],[1],[1] ,abs07097
[1],[4 5],[2],[0],[1],[0] ,abs18768
[0],[],[],[],[1],[1] ,abs17340
[0],[],[],[],[1],[1] ,abs03577
[1],[5 6],[1],[0],[1],[0] ,abs12204
[1],[2],[],[],[1],[1] ,abs14473
[0],[],[],[],[1],[1] ,abs00480
[1],[2],[0],[0],[],[1] ,abs21845
[1],[4 5 6],[],[0],[1],[1] ,abs16376
[1],[6],[2],[0],[1],[1] ,abs17173
1,[4 5 6],[2],[0],[1],[1] ,abs11171
[1],[4],[],[3],[1],[1] ,abs09107
[1],[6],[],[0],[],[0] ,abs16385
1,[5 6],[2],[0],[],[0] ,abs09174
[0],[],[],[],[1],[0] ,abs08670
[0],[],[],[],[1],[1] ,abs18490
[1],[4 5 6],[],[0],[],[0] ,abs13280
[1],[4 5],[],[0],[1],[1] ,abs19462
[1],[5 6],[1],[0],[1],[1] ,abs06086
[1],[6],[1],[0],[],[0] ,abs07745
[1],[2],[2],[9],[1],[1] ,abs06582
[1],[4 5],[1],[0],[1],[1] ,abs12979
[1],[],[2],[0],[1],[1] ,abs06879
[1],[1 2],[],[7],[1],[1] ,abs01076
1,[6 7],[1],[0],[1],[0] ,abs18867
[1],[6],[],[0],[],[0] ,abs03207
1,[3 6],1,[0],1,1 ,abs02134
[1],[4 6],[],[0],[],[0] ,abs15835
[1],[2],[2],[16 22],[],[0] ,abs09333
[0],[],[],[],[],[1] ,abs00258
[1],[4 5],[],[0],[],[1] ,abs12914
1,6,2,0,1,1 ,abs20298
[1],[5],[1],[0],[1],[1] ,abs16888
[0],[],[],[],[],[1] ,abs14789
[1],[4 5 6 7],[],[0],[1],[1] ,abs17894
[1],[5],[1],[0],[1],[0] ,abs07548
[1],[2 3 6],[2],[0],[1],[1] ,abs19033
[1],[5],[2],[0],[],[0] ,abs15443
[0],[],[2],[0],[1],[1] ,abs12198
[1],[4 5],[2],[0],[],[1] ,abs11104
[1],[6],[2],[0],[1],[0] ,abs16032
[1],[6],[2],[0],[1],[1] ,abs09971
[1],[4 5],[],[0],[],[0] ,abs08278
[0],[],[],[],[],[1] ,abs02084
[1],[2 4 5],[2],[13 15 16 17 22],[],[0] ,abs16176
[0],[],[],[],[0],[1] ,abs03776
1,4 5,2,0,1,0 ,abs06224
[1],[5 6],[],[0],[],[0] ,abs00251
[1],[3],[1],[0],[1],[0] ,abs04845
1,1 2,1,3,1,0 ,abs10888
1,4 5 6,1,0,1,0 ,abs05612
[0],[],[],[],[1],[1] ,abs17743
[0],[],[],[],[0],[0] ,abs03751
[1],[4 5],[],[0],[],[0] ,abs18099
[0],[],[],[],[1],[1] ,abs12641
[1],[3],[],[0],[1],[1] ,abs04620
[1],[4 5],[2],[0],[1],[0] ,abs19473
[1],[2],[2],[0],[1],[1] ,abs18305
[0],[],[],[],[],[0] ,abs16284
1,[6 7],[1],[0],[1],[0] ,abs08423
[1],[2 6],[1],[0],[1],[1] ,abs21574
[1],[6],[2],[0],[1],[1] ,abs04005
[1],[4 5 6 7],[],[0],[1],[1] ,abs20499
1,[4 5 6],2,[0],1,1 ,abs18710
1,1 2,2,7,1,1 ,abs06899
[1],[4 5],[1],[0],[1],[0] ,abs15996
[1],[6],[2],[0],[1],[1] ,abs07059
[1],[5 6],[1],[0],[1],[0] ,abs18407
[1],[5 6],[1],[0],[1],[0] ,abs16489
[1],[5],[],[0],[],[0] ,abs15403
[1],[6],[],[0],[],[1] ,abs05158
1,4 5,2,0,1,1 ,abs10980
[1],[6],[2],[0],[1],[1] ,abs21788
[1],[6],[],[0],[],[0] ,abs03687
[1],[4 5],[],[0],[],[0] ,abs05407
[0],[],[],[],[1],[1] ,abs17711
[1],[6],[2],[0],[1],[1] ,abs14153
[0],[],[],[],[1],[1] ,abs00052
[0],[],[],[],[1],[1] ,abs01468
[1],[2],[0],[3],[0],[1] ,abs18152
1,[3],2,[0],1,1 ,abs19558
[0],[],[],[],[1],[1] ,abs13845
[1],[1 2],[2],[22 26 27 33 39],[1],[0] ,abs19733
[1],[6],[1],[0],[1],[1] ,abs19645
1,5 6,1,0,1,1 ,abs12923
[1],[4 5],[],[0],[1],[0] ,abs05979
[0],[],[],[],[1],[1] ,abs02619
[1],[4 5],[],[0],[],[1] ,abs19542
1,3 5 6,2,0,1,1 ,abs06786
[0],[],[],[],[1],[1] ,abs04867
[1],[4 5 6],[2],[0],[],[0] ,abs21320
[1],[4 5],[],[0],[],[0] ,abs16260
[1],[6],[2],[0],[1],[1] ,abs10483
[1],[6],[],[0],[],[1] ,abs12079
[0],[],[],[],[1],[1] ,abs02437
[0],[],[],[],[1],[1] ,abs13059
[1],[4 5 6],[2],[0],[1],[0] ,abs12768
[1],[4 5],[],[0],[],[1] ,abs16340
[1],[5 6 7],[],[0],[],[0] ,abs11777
[0],[],[],[],[],[1] ,abs08465
[1],[3 6],[],[0],[],[0] ,abs20704
[0],[],[],[],[1],[1] ,abs13890
[1],[5],[1],[0],[],[0] ,abs05632
[1],[6],[2],[0],[1],[1] ,abs18239
[1],[5],[],[0],[],[0] ,abs01386
[0],[],[],[],[],[1] ,abs06180
[1],[4 5],[1],[0],[1],[1] ,abs21213
[1],[5 6],[],[0],[1],[1] ,abs00111
[1],[4],[],[0],[],[1] ,abs00036
[1],[4 5],[2],[0],[],[1] ,abs08463
[1],[2 5],[],[13 15 17 33 39],[1],[0] ,abs20347
[0],[],[],[],[],[0] ,abs15435
[0],[],[],[],[1],[1] ,abs01178
1,[6],[],[0],[],1 ,abs13672
[1],[6],[],[0],[],[0] ,abs03218
[1],[4 5],[2],[0],[],[0] ,abs12006
[1],[5],[0],[0],[1],[0] ,abs16475
[1],[5],[0],[0],[1],[0] ,abs16147
[1],[6],[1],[0],[],[0] ,abs21419
[0],[],[],[],[],[1] ,abs02552
[0],[],[],[],[],[0] ,abs10829
[1],[4 5 6],[2],[0],[],[0] ,abs21256
[0],[],[],[],[1],[1] ,abs05143
[1],[3 6],[],[0],[1],[1] ,abs20758
[1],[6],[1],[0],[1],[0] ,abs01570
[1],[6],[2],[0],[1],[0] ,abs13368
[1],[4 5],[2],[0],[],[0] ,abs07998
[1],[2],[1],[15],[1],[1] ,abs02748
[0],[],[],[],[1],[1] ,abs11401
[1],[5 6],[2],[0],[1],[0] ,abs16296
[1],[2],[],[3],[1],[1] ,abs10432
[1],[6 7],[],[0],[],[0] ,abs11798
[1],[3],[1],[0],[1],[1] ,abs21688
[1],[3 6],[1],[0],[1],[0] ,abs01943
[1],[2],[],[0],[],[1] ,abs21899
[1],[6],[2],[0],[1],[0] ,abs19697
[1],[3],[],[0],[1],[1] ,abs04224
[1],[6],[1],[0],[],[0] ,abs08759
[1],[1 2],[2],[22],[1],[0] ,abs15079
[0],[],[],[],[1],[1] ,abs06799
1,2,2,0,1,1 ,abs05014
[1],[4 5],[],[0],[],[1] ,abs08332
[1],[3 6],[2],[0],[],[1] ,abs20321
[0],[],[],[],[],[1] ,abs04779
[0],[],[],[],[],[1] ,abs11993
1,1 2,1,22,1,0 ,abs19475
[1],[5 6],[2],[0],[1],[0] ,abs07307
[1],[6],[],[0],[],[0] ,abs16491
[1],[4 5],[],[0],[1],[0] ,abs07649
[1],[4 5],[],[0],[1],[0] ,abs01181
[0],[],[],[],[1],[1] ,abs17394
[1],[4 5],[1],[0],[1],[0] ,abs16254
[1],[5],[1],[0],[],[0] ,abs15517
[1],[6 7],[],[0],[],[0] ,abs14819
[1],[4 5],[1],[0],[],[0] ,abs04203
[1],[3],[1],[0],[],[0] ,abs16483
1,4 5,2,0,1,1 ,abs08661
[0],[],[],[],[1],[1] ,abs17146
[1],[5],[1],[0],[1],[0] ,abs13547
[1],[6 7],[],[0],[],[0] ,abs12788
[1],[6],[],[0],[],[0] ,abs08653
[1],[6],[],[0],[1],[1] ,abs20823
1,[3 6],2,[0],1,1 ,abs00830
[1],[4 5],[],[0],[],[1] ,abs16568
[1],[2],[1],[0],[1],[1] ,abs01141
[1],[2],[2],[0],[1],[1] ,abs10710
[0],[],[],[],[1],[1] ,abs18322
[1],[2],[],[0],[],[1] ,abs21641
[1],[3],[2],[0],[1],[1] ,abs14336
[1],[3 6],[],[0],[1],[1] ,abs03444
[1],[4 5],[1],[0],[],[1] ,abs07892
[1],[4 5],[1],[0],[],[1] ,abs18082
[1],[4 5 6 7],[],[0],[],[0] ,abs14818
[1],[3 6],[1],[0],[1],[0] ,abs17539
[1],[6],[],[0],[],[0] ,abs06121
[1],[3 6],[2],[0],[1],[1] ,abs19956
[1],[2 3 4 5 6],[2],[0],[1],[1] ,abs09784
[1],[4 5 6],[],[0],[1],[1] ,abs15272
[0],[],[],[],[],[0] ,abs12157
[1],[2],[],[0],[],[1] ,abs21935
[1],[6],[0],[0],[],[0] ,abs08616
[0],[],[],[],[],[0] ,abs03253
[1],[4 5 6],[2],[0],[],[0] ,abs12140
1,[6],2,[0],1,1 ,abs18843
[1],[6],[1],[0],[],[0] ,abs09427
1,[5 6],[1],[0],1,0 ,abs05343
[1],[4 5 6],[],[0],[],[0] ,abs16278
[0],[],[],[],[1],[1] ,abs01058
[1],[4 5],[2],[0],[],[0] ,abs06390
1,[3 4 5],2,[0],1,1 ,abs19335
[1],[5 6],[2],[0],[1],[0] ,abs09705
[1],[6],[],[0],[],[0] ,abs09524
1,[4 5],1,[0],1,0 ,abs06002
[0],[],[],[],[],[0] ,abs09018
[1],[6],[],[0],[],[1] ,abs00786
[1],[4 5 6],[],[0],[],[0] ,abs06040
[1],[4 5 6],[],[0],[],[0] ,abs07763
[1],[4 5 6],[2],[0],[],[0] ,abs15500
1,6,2,[],1,1 ,abs17218
[0],[],[],[],[],[0] ,abs16257
[1],[2],[],[7],[],[0] ,abs00781
[0],[],[],[],[1],[1] ,abs09794
1,[3 6],[],[0],1,1 ,abs19247
1,5 6,2,0,1,0 ,abs14176
[0],[],[],[],[1],[0] ,abs02624
[1],[6],[2],[0],[1],[1] ,abs22264
[1],[6],[2],[0],[],[1] ,abs15355
[0],[],[],[],[],[1] ,abs02461
[0],[],[],[],[1],[1] ,abs17279
[1],[4 5 6],[1],[0],[1],[1] ,abs07895
[0],[],[],[],[],[1] ,abs01411
[1],[2],[2],[12],[1],[1] ,abs14172
[1],[6],[],[0],[],[1] ,abs03486
[0],[],[],[],[1],[1] ,abs11522
[1],[6],[2],[0],[],[0] ,abs20585
[1],[2 3 4 5 6],[],[0],[],[1] ,abs21084
[1],[6],[],[0],[1],[1] ,abs00885
[1],[1 2],[],[10],[],[1] ,abs07083
[1],[4 5],[],[0],[1],[0] ,abs17651
1,4 5,2,0,1,1 ,abs19817
[1],[6],[2],[0],[1],[1] ,abs06871
[1],[5],[1],[0],[],[0] ,abs05306
[0],[],[],[],[1],[1] ,abs03072
[1],[1 2 6],[],[0],[],[0] ,abs11640
[0],[4 5],[],[],[],[0] ,abs17892
[1],[4 5 6],[2],[0],[],[0] ,abs11861
[0],[],[],[],[1],[1] ,abs15117
1,[5 6],[1],[0],[1],[0] ,abs07689
1,5 6,1,0,1,1 ,abs11183
1,1 2,1,9,1,1 ,abs22011
1,6,2,[0],1,0 ,abs18930
[0],[],[],[],[],[0] ,abs17985
[0],[],[],[],[1],[1] ,abs15313
1,4 5,1,15,1,1 ,abs12975
[1],[4 5],[],[0],[1],[1] ,abs03738
1,4 5,2,0,1,1 ,abs09587
[1],[4 5],[],[0],[],[0] ,abs16339
[0],[],[],[],[],[0] ,abs22057
[0],[],[],[],[0],[1] ,abs18086
[1],[4 5],[1],[0],[1],[0] ,abs09034
[1],[6],[0],[0],[],[0] ,abs21774
[1],[3 6],[],[0],[],[0] ,abs07566
[0],[],[],[],[1],[1] ,abs03106
1,2,2,7,1,0 ,abs21983
[1],[6],[2],[0],[1],[1] ,abs10437
[1],[5],[2],[0],[],[0] ,abs07243
[0],[],[],[],[1],[1] ,abs05271
[1],[6 7],[],[0],[],[0] ,abs00098
[1],[6],[2],[0],[],[0] ,abs13728
[1],[2],[],[0],[1],[1] ,abs14319
[0],[],[],[],[0],[1] ,abs04527
1,6 7,2,0,1,1 ,abs19621
[1],[6],[],[0],[],[1] ,abs21241
[0],[],[],[],[],[1] ,abs01470
[1],[5],[1],[0],[],[0] ,abs02716
[0],[],[],[],[],[0] ,abs00164
[1],[2 3 5 6],[1],[13 15 16 17 20 22 32 33 36 39],[1],[0] ,abs17815
[1],[6],[],[0],[1],[1] ,abs12207
[1],[1 2 6],[1],[16],[],[0] ,abs20227
[0],[],[],[],[],[0] ,abs00061
[1],[6],[2],[3],[1],[1] ,abs14270
[1],[6],[2],[0],[],[0] ,abs02997
[1],[5],[1],[2],[1],[1] ,abs10926
[1],[4 5],[],[18 22],[],[0] ,abs09617
[0],[],[],[],[],[0] ,abs03784
[0],[],[],[],[0],[1] ,abs13916
[1],[1 2],[2],[7],[],[0] ,abs02741
[1],[2],[],[12],[],[1] ,abs14398
[1],[2 3],[],[16],[1],[1] ,abs19239
[1],[2],[],[3],[1],[1] ,abs06962
[0],[],[],[],[],[1] ,abs13577
[1],[6],[2],[0],[1],[1] ,abs01844
[0],[],[],[],[0],[1] ,abs05008
[1],[5],[2],[3],[1],[1] ,abs10849
[1],[2],[2],[0],[0],[0] ,abs04837
[1],[1 2],[2],[22 23 26 27 32 33 40],[1],[1] ,abs00855
[0],[],[2],[3],[0],[1] ,abs01212
[1],[2],[],[],[],[1] ,abs18171
1,[6],2,[0],[],1 ,abs10075
[0],[],[],[],[],[0] ,abs15360
[1],[4 5],[],[0],[],[1] ,abs12613
[1],[6],[2],[0],[1],[1] ,abs06754
[1],[1 2],[2],[0],[1],[1] ,abs11845
1,1 2 5,1,7,1,1 ,abs11590
[1],[4],[],[0],[],[1] ,abs09395
[0],[],[],[],[],[1] ,abs08536
1,4 5,2,0,1,0 ,abs11935
[1],[4 5],[],[0],[],[1] ,abs21064
[1],[4 5 6],[2],[0],[1],[0] ,abs12588
1,3,2,[0],1,1 ,abs19651
[1],[6],[1],[0],[1],[1] ,abs21542
[1],[6],[],[3],[],[0] ,abs01594
[0],[],[],[],[],[1] ,abs20072
[1],[6],[2],[0],[1],[1] ,abs22033
[1],[4 5],[2],[0],[1],[1] ,abs21204
[0],[],[2],[0],[1],[1] ,abs06504
1,5 6,2,0,1,0 ,abs06897
[1],[2],[],[0],[],[1] ,abs05201
[1],[3 6],[],[0],[],[1] ,abs19180
1,2,2,3,1,1 ,abs14166
[0],[],[],[],[1],[1] ,abs10843
[1],[4 5],[2],[0],[1],[1] ,abs11618
[1],[2],[2],[12],[1],[1] ,abs21640
[1],[1 2],[],[11],[1],[1] ,abs01547
[1],[6],[2],[0],[1],[1] ,abs04531
[1],[1 2],[2],[26],[1],[1] ,abs19570
[1],[4 5],[1],[0],[],[0] ,abs07409
[1],[4 5 6],[0],[0],[],[0] ,abs09419
[0],[],[],[],[1],[1] ,abs17094
[1],[4],[],[3],[0],[1] ,abs15622
[1],[5 7],[1],[0],[],[0] ,abs14641
[1],[4 5],[],[],[],[1] ,abs19486
[1],[6 7],[2],[0],[1],[1] ,abs02065
[1],[6],[2],[0],[],[0] ,abs04731
[1],[2],[],[23],[],[0] ,abs02579
[1],[6],[2],[0],[],[1] ,abs03445
[0],[],[],[],[],[1] ,abs02293
[0],[],[],[],[1],[1] ,abs21076
[1],[4 5],[],[0],[1],[1] ,abs08400
[1],[5],[1],[0],[1],[0] ,abs14548
[0],[],[],[],[],[0] ,abs03677
[0],[],[],[],[],[1] ,abs01902
[1],[2],[2],[0],[],[1] ,abs20451
[1],[2],[2],[3],[0],[1] ,abs10569
[1],[5],[1],[0],[1],[1] ,abs19629
[0],[],[],[],[1],[1] ,abs16959
[1],[4 5],[2],[0],[],[0] ,abs09797
[1],[0],[],[0],[],[1] ,abs04769
[1],[2],[],[3],[1],[1] ,abs19627
[1],[2],[],[0],[],[1] ,abs04954
1,[6 7],[2],[0],1,1 ,abs20246
[0],[],[],[],[],[1] ,abs07685
1,[4 5],[1],[0],[1],[0] ,abs17495
[0],[],[],[],[],[0] ,abs01358
[1],[5 6],[2],[0],[1],[0] ,abs15229
[1],[4 5],[2],[26 28],[1],[1] ,abs11375
[1],[3],[],[15 16 17 22 33 39],[1],[1] ,abs01561
[0],[],[],[],[1],[0] ,abs15359
[0],[],[],[],[1],[1] ,abs17787
[1],[3 4 5 6 7],[1],[0],[1],[1] ,abs19807
[0],[],[],[],[1],[1] ,abs01670
[1],[3 7],[],[0],[1],[1] ,abs20643
[1],[5 6],[1],[16],[],[0] ,abs00668
[1],[6],[2],[0],[1],[1] ,abs18228
[0],[5 6],[1],[0],[1],[0] ,abs12606
[1],[3 6],[],[3],[1],[1] ,abs04574
[0],[],[],[],[1],[1] ,abs02239
[1],[6],[2],[0],[1],[0] ,abs17380
1,3,2,0,1,1 ,abs13998
[1],[5],[1],[3],[1],[0] ,abs13914
[1],[6],[],[0],[],[0] ,abs01530
[1],[3],[2],[0],[1],[1] ,abs17484
[1],[1 2 3],[1],[7],[1],[0] ,abs01760
[1],[6],[],[0],[],[0] ,abs20672
[1],[6],[],[0],[],[0] ,abs08929
[0],[],[],[],[1],[1] ,abs02582
[0],[],[],[],[0],[1] ,abs10168
[1],[3 6 7],[],[23],[1],[1] ,abs03383
[0],[],[],[],[],[0] ,abs03875
1,[3 6],2,[0],1,1 ,abs00667
[1],[6],[2],[0],[],[0] ,abs04479
[1],[1 2 4 5 6],[],[0],[],[0] ,abs15094
[1],[2],[],[3],[],[1] ,abs18158
[1],[4 6],[],[0],[],[0] ,abs05672
1,4 5,2,0,1,1 ,abs08521
[1],[5 6],[1],[0],[],[0] ,abs09504
[1],[2 3],[2],[15 16 17 18 22],[1],[1] ,abs04048
[1],[5],[2],[0],[1],[1] ,abs12193
[1],[6],[],[0],[],[0] ,abs05370
[0],[],[],[],[1],[1] ,abs04491
[1],[4],[1],[3],[0],[1] ,abs08758
[1],[3 6],[2],[0],[1],[1] ,abs03694
[1],[4 5],[1],[0],[1],[0] ,abs15034
[1],[6],[1],[0],[1],[0] ,abs01744
[0],[],[],[],[1],[1] ,abs14316
[1],[4 5],[],[],[1],[1] ,abs14798
[1],[2],[],[0],[],[1] ,abs20947
[1],[4 5 6],[],[0],[],[0] ,abs11813
[1],[6 7],[],[0],[1],[1] ,abs20876
1,1 2,2,7,1,1 ,abs06610
[0],[],[],[],[1],[1] ,abs13838
[0],[],[],[],[],[0] ,abs09063
[1],[6],[],[0],[1],[1] ,abs19154
[1],[4 5],[],[0],[],[0] ,abs12861
[0],[],[],[],[],[0] ,abs13120
[1],[4 5],[2],[0],[1],[0] ,abs08762
[1],[4 5],[],[0],[],[0] ,abs20023
[0],[],[],[],[],[0] ,abs00395
[1],[4 5 6],[],[0],[],[0] ,abs09390
[1],[5 6],[2],[0],[],[0] ,abs15482
[1],[5 6],[],[0],[],[0] ,abs09887
[1],[6 7],[],[0],[],[1] ,abs21258
[1],[3 6],[],[3],[1],[1] ,abs18471
[1],[6],[2],[0],[1],[1] ,abs09912
[0],[],[],[],[0],[1] ,abs09998
[1],[4],[2],[0],[1],[1] ,abs08397
[1],[4 5],[1],[0],[1],[1] ,abs12637
[0],[],[],[],[],[0] ,abs08851
[1],[4 5],[],[],[],[1] ,abs10039
[1],[3 6],[2],[0],[1],[1] ,abs02958
[0],[],[],[],[0],[1] ,abs03028
[0],[],[],[],[],[1] ,abs08050
[1],[4 5],[1],[7],[1],[0] ,abs11893
[1],[6],[0],[0],[1],[1] ,abs04199
1,6,2,[0],1,1 ,abs19345
[1],[6],[],[0],[],[1] ,abs03812
[1],[4 5],[],[0],[1],[0] ,abs07958
[1],[5 6],[2],[0],[],[0] ,abs07835
[1],[1 2],[1],[7],[1],[1] ,abs13068
[1],[3],[],[0],[1],[1] ,abs03148
[1],[5 6],[],[0],[1],[0] ,abs20572
[0],[],[],[],[1],[1] ,abs00194
[0],[],[],[],[1],[1] ,abs15701
[1],[4 5],[],[0],[],[0] ,abs15950
[1],[5 6],[1],[0],[1],[0] ,abs13209
[0],[],[],[],[1],[1] ,abs02621
[1],[3 6],[],[0],[1],[1] ,abs01432
[1],[4],[],[3],[1],[1] ,abs17812
[1],[2],[2],[2],[1],[1] ,abs10095
[0],[],[],[],[1],[1] ,abs14852
[0],[],[],[],[],[0] ,abs21919
[1],[4 5],[1],[0],[],[0] ,abs07203
[1],[5 6],[1],[0],[],[0] ,abs19328
[1],[1 3],[2],[9],[1],[1] ,abs20324
[1],[6],[2],[0],[1],[1] ,abs17625
[1],[4 5],[2],[0],[],[1] ,abs17990
[1],[6],[2],[0],[1],[1] ,abs04485
[1],[3 6],[],[0],[1],[1] ,abs03943
[0],[],[],[],[1],[1] ,abs17364
[1],[4 5 6],[1],[0],[1],[0] ,abs07122
1,4 5,1,0,1,1 ,abs06235
[1],[2],[],[0],[],[1] ,abs06719
[1],[5 6],[],[0],[],[0] ,abs14980
[1],[2],[],[],[],[1] ,abs13899
[1],[6],[],[0],[],[0] ,abs16504
[1],[2],[],[0],[1],[1] ,abs13976
[0],[],[],[],[1],[1] ,abs00928
[1],[6],[],[3],[],[0] ,abs04569
[1],[4 5 6 7],[],[0],[],[1] ,abs14675
[1],[4 5],[1],[0],[1],[0] ,abs10971
[1],[6],[],[0],[],[1] ,abs20470
[0],[],[],[],[],[0] ,abs14551
1,[6 7],[2],[0],[1],1 ,abs19147
[1],[4 5],[1],[0],[1],[0] ,abs07102
[1],[1 2],[],[10],[],[1] ,abs21837
[1],[6],[2],[0],[1],[1] ,abs19227
[0],[],[2],[0],[0],[1] ,abs15028
[1],[6],[0],[0],[0],[0] ,abs08926
[1],[4 5],[],[0],[],[1] ,abs09566
[1],[6],[2],[0],[1],[1] ,abs10578
[1],[5 6 7],[],[0],[],[0] ,abs16547
1,[4 5],[],[0],[],[0] ,abs13252
[0],[],[],[],[],[0] ,abs12437
[1],[6],[],[0],[],[1] ,abs21729
[1],[6],[],[0],[1],[1] ,abs18983
1,[1 2],2,[22],1,1 ,abs03617
[1],[6 7],[],[0],[],[0] ,abs18885
[1],[6],[0],[0],[0],[1] ,abs18125
[1],[4 5],[1],[0],[1],[0] ,abs08442
[1],[3],[2],[3],[1],[1] ,abs17087
[0],[],[2],[0],[],[1] ,abs11092
[0],[],[],[],[],[1] ,abs04933
1,[2 3],[],[3],[],1 ,abs09977
[1],[5],[0],[0],[1],[1] ,abs12177
[0],[],[2],[0],[1],[1] ,abs09935
[1],[6 7],[2],[0],[],[0] ,abs02127
[1],[5 6],[],[0],[1],[0] ,abs18717
[0],[],[],[],[1],[1] ,abs08071
[1],[4 5],[],[0],[],[0] ,abs07730
[1],[0],[2],[0],[1],[1] ,abs13987
[1],[4 5],[],[0],[],[1] ,abs08274
[1],[3 6],[],[0],[1],[1] ,abs20093
[1],[5 6],[],[0],[],[0] ,abs06354
[1],[1 2 3 5 6 7],[1],[22],[1],[1] ,abs19545
[1],[6 7],[2],[0],[1],[0] ,abs19110
[1],[5 6],[2],[0],[1],[0] ,abs09767
[1],[4 5],[1],[0],[1],[0] ,abs07322
[1],[4 5],[],[0],[],[0] ,abs05946
[1],[4 5 7],[],[0],[1],[0] ,abs10750
[1],[2],[],[3],[],[1] ,abs06583
[1],[5],[1],[0],[],[0] ,abs16645
[1],[3],[],[],[1],[1] ,abs21148
[1],[6],[2],[0],[1],[1] ,abs09968
[1],[5],[1],[0],[],[0] ,abs06027
[0],[],[],[],[],[0] ,abs09567
[0],[],[],[],[1],[1] ,abs18430
1,[5 6],1,[0],[],[0] ,abs07585
[0],[],[],[],[],[0] ,abs14634
[0],[],[],[],[1],[1] ,abs03481
[1],[4 6],[],[0],[],[0] ,abs09328
[0],[],[],[],[1],[1] ,abs10369
[0],[],[],[],[1],[1] ,abs04162
[1],[3 6],[],[0],[1],[1] ,abs00727
[1],[4 5 6],[2],[0],[],[0] ,abs08367
[1],[4 5],[1],[0],[],[0] ,abs08453
[1],[2],[2],[7],[0],[1] ,abs17095
[0],[],[],[],[0],[1] ,abs07094
[1],[4 5],[1],[0],[],[0] ,abs07386
[1],[4 5],[1],[0],[1],[1] ,abs07709
[1],[],[2],[0],[1],[1] ,abs17410
[1],[2 4],[],[3],[1],[1] ,abs01390
1,4 5,1,[],1,1 ,abs19540
[1],[4 5 6],[],[0],[],[0] ,abs17978
[0],[],[],[],[1],[1] ,abs00419
[0],[],[],[],[],[0] ,abs11052
[1],[3],[2],[0],[1],[1] ,abs19256
[0],[],[],[],[],[0] ,abs09733
[1],[6],[2],[0],[1],[1] ,abs17400
[1],[6],[1],[23],[1],[1] ,abs05034
[1],[2 4],[],[7],[1],[1] ,abs12665
1,2,2,3,1,1 ,abs13726
[1],[4 6],[],[0],[],[0] ,abs11855
[1],[1 2],[],[9 22],[1],[0] ,abs21631
[1],[6],[],[3],[1],[1] ,abs20845
[0],[],[],[],[1],[1] ,abs00762
[1],[3 6],[],[3],[1],[1] ,abs01120
[1],[4 5 6],[],[0],[],[1] ,abs21135
[1],[6],[2],[0],[1],[1] ,abs22023
[1],[5],[1],[0],[],[0] ,abs12248
[1],[6],[1],[0],[],[1] ,abs03018
[0],[],[],[],[1],[0] ,abs09055
[0],[],[],[],[],[0] ,abs05245
[1],[6],[2],[0],[],[0] ,abs19926
1,4 5,2,0,1,1 ,abs12953
[1],[4],[],[0],[],[1] ,abs12657
[0],[],[],[],[1],[1] ,abs15603
[0],[],[],[],[1],[1] ,abs14816
[1],[4 5 6],[1],[0],[1],[0] ,abs05759
[1],[3 6],[2],[0],[1],[1] ,abs15470
[0],[],[],[],[],[1] ,abs09823
[1],[2],[2],[22],[1],[1] ,abs01968
[1],[2 6],[],[],[1],[1] ,abs00614
[1],[6 7],[2],[0],[],[0] ,abs15376
[1],[5 6],[2],[0],[1],[0] ,abs05895
1,[4 5],[],[0],[],[1] ,abs16738
[1],[6],[0],[0],[1],[1] ,abs19939
[1],[1 2],[],[7],[1],[0] ,abs22220
[1],[6],[1],[0],[1],[0] ,abs09416
[1],[6],[],[0],[1],[1] ,abs20158
[1],[4 5],[],[0],[1],[0] ,abs12028
[1],[5],[2],[0],[],[0] ,abs04001
[1],[4 5],[],[0],[1],[1] ,abs06649
[1],[2],[],[3 8 9 22 32],[1],[1] ,abs18491
[1],[4 5],[2],[0],[],[0] ,abs11293
[1],[2],[],[0],[],[1] ,abs21748
[1],[3 6],[],[0],[1],[1] ,abs09840
[1],[3 6],[2],[0],[1],[1] ,abs00324
[0],[],[],[],[],[1] ,abs02469
1,4 5,2,0,1,0 ,abs09751
[0],[],[],[],[1],[1] ,abs02623
[1],[0],[],[0],[1],[1] ,abs03136
[1],[3 5],[1],[0],[1],[1] ,abs21539
[1],[2],[],[0],[],[1] ,abs03306
[1],[4 5],[],[0],[],[0] ,abs13257
[1],[6],[2],[12],[1],[1] ,abs21265
[0],[],[],[],[1],[1] ,abs03830
[1],[2 6],[2],[16],[1],[0] ,abs00526
1,7,1,7,1,1 ,abs13656
[1],[6],[],[0],[1],[1] ,abs00604
[1],[4],[],[0],[1],[1] ,abs13465
[1],[6],[2],[0],[1],[0] ,abs12149
[1],[6],[0],[0],[],[1] ,abs10982
[0],[],[],[],[],[1] ,abs00191
1,[4 5],[],[0],1,1 ,abs12903
[1],[4 5],[1],[0],[1],[0] ,abs13303
[1],[1 2],[],[9 22],[1],[0] ,abs18478
[1],[6],[2],[0],[],[0] ,abs12710
1,4 5,1,0,1,0 ,abs09270
[1],[6],[2],[0],[],[0] ,abs03469
1,3,2,[0],1,1 ,abs22090
1,4 5,2,[],1,1 ,abs09397
1,[3 6],[],[0],1,1 ,abs05785
[1],[6 7],[2],[0],[1],[1] ,abs08285
[1],[4 5],[],[0],[],[0] ,abs09058
1,[4 5 6 7],[2],[0],[1],[0] ,abs07756
[1],[4 5 6 7],[],[0],[],[1] ,abs09819
[1],[5],[2],[0],[],[0] ,abs09432
[1],[4 5 6],[],[0],[],[0] ,abs21205
[1],[6 7],[],[0],[],[0] ,abs20040
[0],[],[],[],[],[0] ,abs17305
[0],[],[],[],[],[0] ,abs14885
1,[4 5],2,[7 9 22 33],1,1 ,abs10857
[0],[],[],[],[0],[1] ,abs08141
[1],[4 5],[],[3],[],[1] ,abs21263
[0],[],[],[],[],[0] ,abs12945
[1],[4 5],[],[0],[1],[1] ,abs21332
[1],[4 5 6],[],[3],[],[0] ,abs09647
[1],[4 5],[],[0],[],[0] ,abs21400
[1],[3 6],[],[0],[1],[1] ,abs10785
[1],[4 5],[1],[0],[1],[0] ,abs02892
1,3 6,1,[],1,1 ,abs00529
[0],[],[],[],[],[0] ,abs11521
1,[1 2 3],2,[7],1,1 ,abs21876
[1],[3 6],[],[0],[1],[1] ,abs05122
[1],[6 7],[],[0],[],[1] ,abs20919
[1],[2 3],[],[12],[1],[1] ,abs20088
[1],[4 5],[],[0],[],[0] ,abs18027
[1],[5],[1],[0],[],[0] ,abs10050
[1],[4 5],[2],[7],[],[0] ,abs17841
[0],[2],[],[0],[1],[1] ,abs06937
[1],[6],[2],[0],[1],[1] ,abs00175
[1],[6],[2],[0],[1],[1] ,abs14486
[1],[5 6],[1],[0],[],[0] ,abs20968
1,5 6,2,0,1,0 ,abs11548
[1],[6],[2],[0],[],[0] ,abs08149
[1],[6],[2],[0],[],[0] ,abs05962
[1],[5 6],[1],[0],[1],[0] ,abs11665
1,2,2,0,1,1 ,abs21737
[1],[1 2],[],[22 26 27 28 33 39],[1],[1] ,abs09986
1,4 5,2,0,1,1 ,abs09799
1,4 5,1,0,1,0 ,abs05315
[1],[6],[2],[0],[1],[1] ,abs14830
[1],[4 6],[],[0],[1],[1] ,abs15559
[1],[3 6],[],[3],[1],[1] ,abs06916
[0],[],[],[],[],[1] ,abs01197
[1],[6],[2],[0],[1],[1] ,abs11843
[0],[],[],[],[1],[1] ,abs17270
[0],[],[],[],[0],[1] ,abs03956
[1],[6],[],[0],[],[1] ,abs21009
[1],[6],[2],[0],[],[0] ,abs07082
[1],[3],[],[0],[1],[1] ,abs01497
[0],[],[],[],[1],[1] ,abs14030
[1],[4 5],[2],[0],[],[1] ,abs08328
[0],[],[],[],[1],[1] ,abs09937
[1],[2],[2],[3],[1],[1] ,abs14109
1,4 5,1,0,1,0 ,abs12088
[0],[],[],[],[0],[1] ,abs13740
[1],[6],[2],[0],[1],[0] ,abs01848
[1],[6],[2],[0],[],[0] ,abs14975
[0],[],[],[],[1],[1] ,abs19775
[1],[2],[],[3],[],[1] ,abs15735
[1],[6],[1],[0],[1],[1] ,abs01222
1,[4 5],1,[0],1,1 ,abs07446
[1],[4 5 6],[],[0],[],[1] ,abs06326
[1],[6],[],[0],[],[0] ,abs06262
[1],[4 5],[2],[0],[],[0] ,abs11468
[1],[6],[],[0],[1],[0] ,abs17641
[0],[],[],[],[],[1] ,abs02697
[1],[4 5],[2],[0],[1],[1] ,abs11623
[1],[3 6],[],[0],[1],[1] ,abs04992
[0],[],[],[],[1],[1] ,abs00140
[1],[4 5],[1],[0],[],[0] ,abs06190
[1],[6],[1],[3],[],[0] ,abs11565
[1],[6],[2],[0],[1],[1] ,abs10065
[1],[6],[2],[0],[1],[1] ,abs20488
[0],[],[],[],[1],[1] ,abs03377
[1],[2],[2],[23],[],[1] ,abs16876
[1],[1 2 6 7],[],[22],[],[0] ,abs17606
1,6,2,0,1,1 ,abs06959
[0],[],[],[],[],[1] ,abs17681
[0],[],[],[],[],[0] ,abs01343
[1],[6],[],[0],[],[1] ,abs18762
[1],[4 5],[],[0],[],[0] ,abs13468
[1],[6],[2],[0],[1],[1] ,abs16979
1,[5 6],[2],[0],[],[0] ,abs15010
[0],[],[],[],[],[0] ,abs12446
[1],[2],[2],[3],[0],[1] ,abs10463
[1],[5],[1],[0],[],[0] ,abs14989
[1],[3 6],[],[0],[1],[1] ,abs19965
[1],[2],[],[0],[1],[1] ,abs20021
[1],[3],[2],[3],[1],[1] ,abs02068
[0],[],[],[],[1],[1] ,abs02281
[1],[4 5],[],[],[],[1] ,abs07743
[1],[6],[2],[0],[],[0] ,abs01328
[0],[],[2],[0],[1],[1] ,abs00731
[1],[0],[2],[0],[1],[1] ,abs06581
[1],[6],[2],[0],[1],[1] ,abs20083
1,[4 5 6 7],1,[0],1,1 ,abs08102
[1],[5 6],[1],[0],[],[0] ,abs07570
[1],[6],[],[0],[],[1] ,abs03742
[1],[4 5 6 7],[],[0],[1],[1] ,abs19530
[1],[4 5 6],[],[0],[],[1] ,abs20986
[1],[6],[],[0],[1],[1] ,abs05629
[1],[6],[],[0],[],[1] ,abs20772
[0],[],[],[],[1],[1] ,abs21435
[1],[6],[2],[0],[1],[1] ,abs09717
[0],[],[],[],[0],[1] ,abs03434
[1],[4 6],[2],[0],[],[0] ,abs10989
[1],[4 5 6],[1],[0],[1],[0] ,abs08897
[0],[6],[2],[0],[1],[0] ,abs02465
[1],[6],[2],[0],[],[1] ,abs04278
[1],[4 5 6 7],[],[0],[],[1] ,abs07473
1,2 3 6 7,2,7,1,1 ,abs17432
[0],[],[],[],[],[0] ,abs15573
[1],[6],[],[0],[1],[1] ,abs01220
[1],[5 6],[2],[0],[1],[0] ,abs05373
[1],[3 4 5 6 7],[],[0],[1],[1] ,abs03181
[1],[6],[],[3],[1],[1] ,abs19222
[1],[5 6],[2],[0],[1],[0] ,abs11551
[0],[],[],[],[1],[1] ,abs15112
[0],[],[],[],[0],[1] ,abs17537
[1],[6],[2],[0],[],[0] ,abs20763
[1],[4 5],[],[0],[],[0] ,abs03178
[0],[],[],[],[1],[1] ,abs17152
[1],[6],[2],[0],[],[0] ,abs00189
[1],[2],[],[0],[],[1] ,abs21668
1,[1 2],[],[2],1,1 ,abs18639
[1],[6],[2],[0],[1],[1] ,abs02651
[1],[2],[],[7],[],[1] ,abs09972
[1],[5],[2],[0],[],[0] ,abs02920
[1],[6],[2],[0],[1],[1] ,abs07038
[1],[3],[1],[0],[1],[1] ,abs03692
[0],[],[],[],[],[1] ,abs03926
[0],[],[],[],[],[0] ,abs00862
[1],[4 5 6],[],[0],[],[0] ,abs21201
[0],[],[],[],[1],[1] ,abs17006
[1],[1 12],[2],[11],[1],[1] ,abs18300
[0],[],[],[],[1],[1] ,abs14329
[1],[4 5],[2],[0],[],[0] ,abs19495
[1],[4 5],[],[15],[],[0] ,abs16267
[0],[],[],[],[1],[1] ,abs03700
1,3,2,[],1,1 ,abs03193
[0],[],[],[],[1],[1] ,abs01014
[1],[1 2],[],[5],[1],[1] ,abs01534
[1],[6],[],[0],[1],[1] ,abs09946
1,5 6,1,0,1,0 ,abs10092
[0],[],[],[],[0],[1] ,abs01832
1,4 5,2,0,1,0 ,abs09788
[1],[4 5],[1],[0],[],[0] ,abs15796
[0],[],[],[],[],[0] ,abs08519
[1],[2 3 6],[],[15],[1],[1] ,abs20835
[1],[4 5],[],[0],[],[0] ,abs07327
[1],[4 5],[2],[0],[1],[1] ,abs06413
[1],[6],[],[0],[1],[1] ,abs20770
[1],[6],[2],[0],[1],[1] ,abs02662
[1],[4 5],[],[0],[],[1] ,abs12201
[1],[0],[],[0],[],[1] ,abs01718
[1],[6],[1],[0],[],[1] ,abs15416
[0],[],[],[],[0],[1] ,abs12272
[0],[],[],[],[],[0] ,abs12366
[1],[1 2],[],[22 24 26 33 39],[1],[1] ,abs01528
[1],[4 5],[1],[0],[],[0] ,abs16840
[1],[5 6],[],[0],[],[0] ,abs16114
[1],[6],[2],[0],[1],[1] ,abs06770
[0],[],[],[],[],[0] ,abs15985
[1],[4 5],[],[3],[1],[1] ,abs18633
1,5 6,2,0,1,0 ,abs08315
[0],[],[],[],[],[0] ,abs19533
[1],[2],[],[22],[1],[1] ,abs08172
[1],[5 6],[1],[0],[1],[0] ,abs03316
[0],[],[],[],[1],[1] ,abs14359
[1],[4 6],[2],[0],[],[0] ,abs16129
[1],[6 7],[],[3],[],[0] ,abs02175
[1],[6],[],[0],[1],[1] ,abs03717
[1],[6],[2],[0],[1],[0] ,abs20140
[1],[6],[2],[0],[],[1] ,abs19271
[1],[3],[2],[0],[1],[1] ,abs01685
[1],[6],[1],[0],[1],[1] ,abs03971
[1],[4 5 6],[2],[0],[],[0] ,abs09682
[1],[4 5],[1],[0],[],[0] ,abs14981
[1],[6],[0],[0],[1],[1] ,abs04299
[1],[6],[2],[0],[1],[1] ,abs20066
[1],[4 5],[1],[0],[1],[0] ,abs12947
[1],[6],[2],[0],[],[0] ,abs16084
[1],[6],[],[0],[],[1] ,abs03820
[0],[],[],[],[1],[1] ,abs02218
[0],[],[],[],[1],[1] ,abs03092
[1],[4 5],[],[0],[],[0] ,abs16103
1,[4 5],[],[0],[],[0] ,abs21438
[1],[6 7],[],[0],[],[0] ,abs00492
[1],[4 6],[2],[0],[1],[1] ,abs14520
[1],[4 5 6],[1],[0],[1],[1] ,abs10987
[1],[1 2],[],[3],[],[1] ,abs17701
1,[4 5],1,[0],[],[0] ,abs07310
[1],[5],[],[0],[],[0] ,abs12099
1,[4 5],[],[0],[],[0] ,abs18645
[1],[6],[],[0],[],[1] ,abs04459
[1],[3 6],[],[3],[1],[1] ,abs00968
[0],[],[],[],[],[0] ,abs04490
[1],[1 2],[],[22],[1],[1] ,abs06774
[1],[6],[2],[0],[],[1] ,abs02878
[1],[4 5 6],[2],[0],[1],[1] ,abs07992
[1],[6],[2],[0],[],[1] ,abs11287
1,[4 5],[],[0],1,1 ,abs09290
[1],[3 6],[1],[0],[],[0] ,abs04068
[1],[6],[2],[0],[1],[1] ,abs17518
[0],[],[],[],[1],[1] ,abs03331
[1],[4 5],[],[0],[],[0] ,abs06370
[1],[6],[],[0],[],[0] ,abs00933
[0],[],[],[],[1],[1] ,abs06827
[0],[],[],[],[1],[1] ,abs20832
[0],[],[],[],[0],[1] ,abs12518
[1],[6],[2],[0],[1],[0] ,abs02266
1,[6],2,[0],1,1 ,abs19977
[1],[4],[],[3],[],[1] ,abs15933
[1],[6],[2],[0],[1],[1] ,abs21971
[1],[3 6],[1],[0],[1],[1] ,abs19238
[1],[4 5],[],[0],[],[1] ,abs13104
[0],[],[],[],[],[0] ,abs00779
[0],[],[],[],[1],[1] ,abs03681
[1],[6],[2],[0],[1],[1] ,abs09056
[1],[0],[2],[0],[1],[1] ,abs21957
[1],[6 7],[2],[0],[],[1] ,abs02294
[0],[],[],[],[],[0] ,abs15020
[1],[2],[],[0],[],[1] ,abs21756
1,[4 5 6],2,[0],1,0 ,abs07563
1,[3 6],2,[0],1,1 ,abs05172
[1],[4 5],[],[],[1],[1] ,abs08788
[0],[],[],[],[1],[1] ,abs14029
[1],[4 5],[2],[0],[1],[1] ,abs13004
[1],[6],[2],[0],[1],[0] ,abs08419
1,[6 7],[2],[0],1,1 ,abs17243
[0],[],[],[],[1],[1] ,abs14043
[1],[5],[2],[0],[],[0] ,abs05477
[1],[6],[2],[0],[1],[1] ,abs14165
[1],[4 5],[1],[0],[],[0] ,abs09453
[1],[4 5 6],[2],[0],[],[0] ,abs15789
[1],[2],[2],[0],[1],[1] ,abs21711
[0],[],[],[],[1],[1] ,abs18584
[0],[],[],[],[1],[1] ,abs18327
[1],[4 5],[1],[0],[1],[1] ,abs08259
[0],[],[],[],[],[0] ,abs08495
[0],[],[],[],[1],[1] ,abs17549
1,[4 5 6 7],1,[0],1,0 ,abs05368
[1],[6],[1],[0],[1],[0] ,abs08408
1,[5],[1],[0],[],[0] ,abs09573
[1],[6],[2],[0],[1],[1] ,abs06905
[0],[],[],[],[],[0] ,abs13356
[1],[6],[],[0],[1],[1] ,abs03982
1,[5 6],[1],[0],1,0 ,abs11304
[1],[6],[2],[0],[],[1] ,abs03266
[0],[],[],[],[0],[1] ,abs00331
[1],[6],[],[0],[1],[1] ,abs04176
[0],[],[],[],[3],[0] ,abs09738
[0],[],[],[],[1],[1] ,abs03939
[1],[2],[],[0],[],[1] ,abs04216
[0],[],[],[],[1],[1] ,abs13231
[1],[2],[],[3],[],[1] ,abs14361
[1],[5 6],[1],[0],[1],[0] ,abs07524
[1],[4 5 6],[],[0],[],[0] ,abs12053
[1],[2],[2],[12 15 18 22],[1],[0] ,abs00428
[0],[],[],[],[1],[1] ,abs17330
[1],[2],[],[0],[1],[1] ,abs01505
[1],[4 5],[1],[0],[],[0] ,abs07650
[1],[0],[2],[0],[1],[1] ,abs14145
[1],[4 5],[2],[0],[],[1] ,abs19525
[1],[4 5 6],[1],[0],[],[0] ,abs08952
[0],[],[],[],[1],[1] ,abs01461
[1],[6],[2],[0],[1],[1] ,abs06199
[1],[2 3],[2],[15 16 17 22 32 33 40],[1],[1] ,abs21946
1,[2],[],[3],[],1 ,abs21817
[1],[4 5],[1],[0],[1],[0] ,abs14667
[1],[3 6],[1],[0],[],[0] ,abs00924
[1],[4 5],[2],[0],[1],[0] ,abs08075
[1],[6],[2],[0],[1],[0] ,abs08587
[1],[6],[],[0],[],[0] ,abs01721
[1],[6],[2],[0],[1],[1] ,abs03889
[1],[4 5],[],[0],[],[0] ,abs16155
[1],[3],[2],[0],[1],[1] ,abs20096
[1],[4 5],[],[0],[],[0] ,abs09719
[1],[4 5],[0],[0],[1],[0] ,abs21058
[0],[],[],[],[],[0] ,abs16808
[1],[4 5 6],[2],[0],[],[0] ,abs11909
1,1 2,2,14,1,1 ,abs10552
[0],[],[],[],[1],[1] ,abs17320
[1],[2],[],[3],[],[1] ,abs06593
[1],[2],[1],[0],[1],[1] ,abs20176
[1],[2],[2],[],[1],[1] ,abs14076
[0],[],[],[],[1],[1] ,abs16643
[1],[6],[2],[0],[1],[0] ,abs04010
1,3,2,[],1,1 ,abs21601
[0],[],[],[],[1],[1] ,abs04262
[1],[2 3 6],[],[0],[1],[1] ,abs06803
[1],[2],[2],[3],[1],[1] ,abs13529
[1],[3],[2],[0],[1],[1] ,abs17695
[1],[4 6 7],[],[0],[],[1] ,abs19422
[1],[3 6],[2],[0],[1],[1] ,abs00693
[1],[6],[],[0],[],[0] ,abs20693
1,[3 4 5 6],2,[0],1,1 ,abs09714
[0],[],[],[],[1],[1] ,abs11089
[1],[6],[],[0],[1],[1] ,abs18565
[1],[6],[2],[0],[],[0] ,abs10773
[1],[2],[],[24],[],[1] ,abs04333
[1],[4 5],[],[0],[],[1] ,abs04051
[1],[3 4],[1],[0],[1],[1] ,abs08338
1,[4 5],[],[0],1,0 ,abs07453
[0],[],[],[],[1],[1] ,abs17031
[1],[4 5],[],[0],[1],[1] ,abs12807
[0],[],[],[],[1],[1] ,abs02231
[1],[2],[],[],[1],[1] ,abs10570
[0],[],[],[],[0],[1] ,abs18513
[1],[2 6],[2],[0],[1],[1] ,abs21680
[0],[],[],[],[],[1] ,abs13954
[1],[6],[],[0],[],[1] ,abs07034
[1],[6],[],[0],[],[0] ,abs04864
[1],[6],[2],[0],[1],[1] ,abs19025
[1],[3],[],[0],[1],[0] ,abs02617
[1],[3 6],[],[0],[1],[1] ,abs19721
[1],[2],[0],[0],[1],[1] ,abs10165
[0],[4 5],[1],[0],[1],[0] ,abs04052
[1],[3 6],[2],[3],[1],[1] ,abs18790
1,4 5,2,[],1,1 ,abs18106
1,[2 3 6],2,[3],1,1 ,abs21683
[0],[],[2],[3],[0],[1] ,abs03005
[1],[6],[2],[0],[],[0] ,abs07297
[1],[4 5],[1],[0],[1],[0] ,abs08420
[1],[2],[],[2],[1],[0] ,abs22016
[1],[4 5],[],[0],[],[1] ,abs14786
[1],[4 5],[],[0],[1],[1] ,abs13155
[1],[3 6],[],[0],[1],[1] ,abs04446
[1],[6],[2],[0],[1],[1] ,abs17201
1,2,2,[],1,1 ,abs06553
[1],[6],[2],[0],[1],[1] ,abs07033
1,6,2,[0],1,1 ,abs18693
[1],[2],[2],[3],[0],[1] ,abs12315
[1],[6],[],[0],[],[0] ,abs11332
[1],[4 5 6],[],[0],[],[1] ,abs18166
[1],[3],[2],[3],[1],[1] ,abs19519
[1],[3 7],[],[15],[],[0] ,abs04622
[1],[5 6],[2],[0],[1],[1] ,abs12493
[1],[6],[2],[0],[1],[1] ,abs06808
[1],[4 5],[1],[0],[1],[1] ,abs13022
[1],[4 5 6],[1],[0],[1],[1] ,abs21189
[1],[6],[],[0],[],[1] ,abs18970
[0],[],[],[],[],[1] ,abs04556
[1],[5 6 7],[1],[0],[],[0] ,abs07901
1,1 2,2,4 15 22,1,1 ,abs21679
[1],[4 6],[2],[0],[],[1] ,abs08106
[0],[],[],[],[0],[1] ,abs17407
[1],[3 7],[2],[0],[1],[1] ,abs21525
[1],[6],[2],[0],[1],[0] ,abs12984
[1],[6],[2],[0],[1],[1] ,abs01566
1,[4 5],2,[0],[],[0] ,abs10053
[1],[4 5],[],[0],[1],[1] ,abs11278
[0],[],[],[],[1],[1] ,abs17221
[1],[6],[2],[0],[1],[1] ,abs10586
[1],[4 5],[1],[0],[],[0] ,abs04468
[1],[6],[],[0],[],[0] ,abs17933
1,4 5 6,2,0,1,1 ,abs21230
[1],[4 5 6],[2],[0],[],[0] ,abs16831
[1],[6],[2],[0],[1],[1] ,abs00945
[0],[],[],[],[],[0] ,abs04343
[1],[3],[1],[0],[1],[1] ,abs04654
[1],[4 5],[2],[0],[1],[1] ,abs13020
[1],[5 6],[1],[0],[],[0] ,abs14749
[0],[],[],[],[0],[1] ,abs03598
[1],[1 2],[],[5 7],[1],[1] ,abs20330
[1],[6],[],[3],[1],[1] ,abs18854
1,[3 6],2,[0],1,1 ,abs00151
1,5 6,2,0,1,0 ,abs07593
[1],[1 2],[2],[13 22],[1],[0] ,abs18904
[1],[0],[0],[0],[0],[1] ,abs02999
1,[3],2,[0],1,1 ,abs18902
1,1 2,2,7,1,1 ,abs20391
[1],[2],[],[3],[],[1] ,abs21741
[0],[],[],[],[0],[1] ,abs03590
[1],[3 6],[1],[0],[1],[1] ,abs02938
[1],[5],[2],[0],[],[0] ,abs12125
[1],[2],[2],[13 15 16 17 22 32],[1],[1] ,abs10551
1,[6],[],[0],[],[0] ,abs09677
[1],[2 4],[],[15],[1],[0] ,abs05486
[1],[1 2],[],[7 22 26 32],[],[1] ,abs21691
[1],[4 5],[1],[0],[],[0] ,abs07236
[1],[5 6],[],[0],[],[0] ,abs13166
[1],[3 6],[],[0],[1],[1] ,abs20293
[1],[3 4 5 6],[2],[0],[1],[1] ,abs09103
[0],[],[],[],[1],[1] ,abs08028
[0],[4 6],[],[],[1],[1] ,abs02302
[1],[2],[],[3],[],[1] ,abs06472
[1],[6 7],[2],[0],[1],[0] ,abs06578
[1],[5 6],[1],[0],[1],[0] ,abs15107
[1],[4 5 6],[],[0],[],[0] ,abs07861
[1],[6],[],[0],[],[0] ,abs11387
[1],[6],[2],[0],[],[0] ,abs03870
[1],[4],[2],[18 26],[],[1] ,abs12940
[1],[6],[],[0],[1],[1] ,abs02817
[1],[2],[],[],[],[1] ,abs18452
[1],[4 5 6],[],[0],[],[0] ,abs13358
[1],[6],[1],[0],[],[0] ,abs11240
[0],[],[],[],[],[0] ,abs11828
[1],[3],[1],[0],[1],[1] ,abs20894
[1],[6],[1],[0],[],[0] ,abs09694
[1],[4 6],[2],[0],[1],[0] ,abs11161
[1],[5 6],[1],[0],[1],[0] ,abs02918
[1],[6],[2],[0],[],[0] ,abs04465
[1],[6],[0],[0],[1],[1] ,abs00069
[1],[4 6],[2],[0],[],[0] ,abs13350
[1],[6],[1],[0],[],[0] ,abs20007
[1],[5 6],[0],[0],[],[0] ,abs15220
[1],[5],[1],[0],[],[0] ,abs16112
[1],[4 5],[],[0],[],[0] ,abs14610
[0],[],[],[],[1],[1] ,abs02568
[1],[4 5],[2],[0],[],[0] ,abs15659
[1],[4],[],[0],[],[1] ,abs00062
[1],[6],[],[0],[],[1] ,abs21022
[1],[6],[2],[0],[1],[1] ,abs10669
[1],[5],[1],[0],[],[0] ,abs15522
[1],[5 6],[],[0],[],[0] ,abs11050
[1],[3],[],[0],[1],[1] ,abs19646
[1],[5 6],[1],[0],[1],[0] ,abs07729
[1],[5],[1],[0],[1],[1] ,abs12422
[1],[6],[1],[0],[1],[0] ,abs01805
[0],[],[],[],[1],[1] ,abs04591
[1],[6],[2],[0],[1],[1] ,abs14204
[1],[6 7],[],[0],[],[1] ,abs20195
[1],[4 5 6],[2],[0],[],[0] ,abs16722
[1],[2],[2],[3],[1],[1] ,abs01264
[1],[6],[2],[0],[1],[0] ,abs19012
[1],[6 7],[2],[0],[],[0] ,abs19283
[1],[5 6],[2],[0],[1],[0] ,abs15843
[0],[],[],[],[1],[1] ,abs17418
[1],[6],[],[0],[],[1] ,abs06173
[1],[2],[],[3],[1],[1] ,abs10719
[0],[],[],[],[],[1] ,abs03025
1,2 3 6,2,23,1,1 ,abs17326
[1],[3 6],[],[0],[1],[1] ,abs02076
[1],[4 5],[2],[0],[1],[1] ,abs06406
[0],[],[],[],[1],[1] ,abs18546
[1],[3],[1],[0],[1],[1] ,abs18702
[1],[3],[],[0],[1],[1] ,abs06908
[1],[4 5],[],[0],[],[0] ,abs21368
[1],[5 6],[],[0],[1],[0] ,abs07916
[1],[4 5],[],[0],[],[1] ,abs10832
[1],[6],[],[0],[],[1] ,abs00815
[1],[1 2],[],[7],[1],[1] ,abs01219
[0],[],[],[],[],[0] ,abs04365
[1],[6],[2],[0],[],[0] ,abs15508
[0],[],[],[],[1],[1] ,abs03726
[0],[],[],[],[0],[1] ,abs06889
[1],[6 7],[],[0],[1],[1] ,abs02356
[1],[2],[2],[0],[0],[1] ,abs17691
[0],[],[],[],[0],[1] ,abs06912
[1],[5 6],[2],[0],[],[0] ,abs09136
[0],[],[],[],[1],[1] ,abs02240
[1],[3],[2],[0],[1],[1] ,abs02345
[0],[],[],[],[1],[1] ,abs10715
[1],[3],[],[3],[],[1] ,abs22244
[1],[6 7],[],[0],[1],[1] ,abs03086
[1],[5],[1],[3],[1],[0] ,abs05700
[0],[],[],[],[1],[1] ,abs14168
[1],[4 5],[1],[0],[],[0] ,abs11196
[1],[5 6],[1],[0],[1],[0] ,abs11972
[1],[4 5],[],[0],[],[1] ,abs13476
1,[2],[],[0],[],1 ,abs20954
[1],[6],[1],[0],[1],[1] ,abs20751
1,5 6,2,0,1,0 ,abs11928
[1],[5 6],[2],[0],[1],[0] ,abs15857
[1],[],[2],[0],[],[1] ,abs18307
[1],[2],[2],[16],[],[1] ,abs09958
[1],[6],[],[0],[],[0] ,abs19568
[1],[6],[],[0],[1],[1] ,abs19082
1,[6],[],[0],1,1 ,abs18671
[1],[2],[],[],[1],[1] ,abs06928
[1],[6],[],[3],[],[1] ,abs04817
[1],[5 7],[1],[0],[1],[1] ,abs14910
1,6,2,0,1,1 ,abs17034
[1],[6],[2],[0],[],[0] ,abs11300
[1],[1 2],[],[7],[],[1] ,abs01681
[0],[],[],[],[],[0] ,abs12677
[1],[5 6],[1],[0],[],[0] ,abs09485
[1],[4 5],[],[0],[],[1] ,abs18147
[1],[4 5],[2],[3],[1],[1] ,abs10531
[0],[],[],[],[1],[1] ,abs14088
[1],[4 5],[],[0],[],[0] ,abs05494
[0],[4],[],[0],[],[1] ,abs14643
[0],[],[],[],[1],[1] ,abs03981
1,4 5,2,0,1,1 ,abs09061
[1],[6],[],[0],[],[0] ,abs19093
[1],[4 5 6 7],[2],[0],[1],[0] ,abs12146
[1],[2 3 6],[],[0],[1],[1] ,abs00073
[0],[],[],[],[1],[1] ,abs00131
[1],[6],[],[0],[1],[1] ,abs03654
[1],[4 5],[1],[0],[],[0] ,abs16335
1,[1 2],2,[9],1,1 ,abs21726
[1],[5 6],[1],[0],[1],[1] ,abs09898
1,4 5,2,0,1,0 ,abs05702
[0],[],[],[],[1],[1] ,abs00115
[0],[],[],[],[],[0] ,abs08473
[1],[3],[1],[0],[1],[1] ,abs00035
[1],[5 6],[],[0],[],[0] ,abs16099
[1],[3],[1],[0],[1],[1] ,abs20549
[1],[6],[],[0],[],[1] ,abs19776
[1],[5 6],[1],[0],[1],[0] ,abs12959
[1],[6],[2],[0],[1],[1] ,abs20650
[0],[],[],[],[1],[1] ,abs02005
1,4 5 6 7,1,0,1,1 ,abs15638
[0],[],[],[],[1],[1] ,abs06418
[1],[4 5],[1],[0],[1],[0] ,abs05959
[1],[6],[],[0],[],[0] ,abs03865
[0],[],[],[],[1],[1] ,abs07044
[1],[2],[2],[3],[],[1] ,abs14020
[1],[2],[],[0],[],[1] ,abs17494
[1],[5 6],[2],[0],[],[0] ,abs15729
[1],[4 5],[],[],[],[1] ,abs06405
1,[3],[],[0],1,1 ,abs21820
[1],[6],[1],[0],[1],[0] ,abs09285
[1],[5 6],[],[0],[],[0] ,abs09735
[1],[4 5],[],[],[],[1] ,abs09462
[1],[2],[2],[0],[1],[1] ,abs21995
[1],[4 5 6],[2],[0],[],[0] ,abs06047
[1],[4 5],[0],[0],[1],[0] ,abs03491
1,4 5,2,0,1,1 ,abs13102
[1],[6],[1],[0],[1],[0] ,abs12375
[1],[6],[2],[0],[],[1] ,abs00535
[0],[],[],[],[1],[1] ,abs10321
[1],[6],[2],[0],[1],[1] ,abs22164
[1],[2],[2],[0],[1],[1] ,abs17245
[1],[2],[],[0],[],[1] ,abs13714
[0],[],[],[],[],[1] ,abs02819
[1],[5],[1],[0],[1],[0] ,abs16237
[0],[],[],[],[],[0] ,abs01735
1,[6],[],[3],1,1 ,abs20636
[1],[3],[],[0],[],[0] ,abs19359
[1],[5 6],[],[0],[],[0] ,abs05324
[0],[],[2],[0],[0],[1] ,abs14034
[1],[6],[1],[0],[1],[1] ,abs01757
1,[4 5 6],2,[0],1,1 ,abs12450
[1],[4 6],[2],[0],[],[1] ,abs01158
[1],[5],[],[0],[],[0] ,abs11765
[1],[6],[2],[0],[],[0] ,abs11170
[1],[0],[],[0],[],[1] ,abs19175
[0],[],[],[],[],[0] ,abs18344
[1],[4 5],[],[0],[],[1] ,abs04226
[1],[4 5 6],[2],[0],[],[0] ,abs07325
[1],[3],[],[0],[1],[1] ,abs17141
[1],[2],[],[16 15],[],[1] ,abs19970
[1],[4 5],[2],[0],[],[0] ,abs11929
1,2,2,3,1,1 ,abs18590
[1],[3 6],[1],[0],[1],[1] ,abs19069
[1],[4 5],[2],[0],[],[0] ,abs07957
1,[2 3 6],[2],[3],[1],[1] ,abs10469
[1],[6],[2],[0],[],[1] ,abs09984
[0],[],[],[],[],[0] ,abs16670
[1],[6],[2],[0],[],[0] ,abs20510
[0],[],[],[],[],[0] ,abs15690
[0],[],[],[],[],[1] ,abs17880
[1],[4 5],[],[0],[1],[1] ,abs07754
[1],[4 5],[],[0],[],[1] ,abs09003
[1],[6],[2],[0],[1],[1] ,abs20544
[1],[2],[2],[0],[1],[1] ,abs03451
[0],[],[],[],[1],[1] ,abs06576
[1],[5 6],[1],[0],[1],[0] ,abs16402
[1],[5],[],[3],[],[0] ,abs17436
[1],[2 3 6],[],[],[],[1] ,abs21923
[1],[1 3 5 6],[1],[9],[1],[1] ,abs19664
[1],[5 6],[],[0],[],[1] ,abs02507
[1],[6],[1],[0],[1],[0] ,abs05397
[1],[4 5],[],[0],[1],[0] ,abs07872
[0],[],[],[],[1],[1] ,abs10567
[1],[6],[2],[0],[1],[0] ,abs17544
[1],[6],[2],[0],[1],[1] ,abs10652
[0],[],[],[],[1],[1] ,abs01082
[1],[4 5],[1],[0],[1],[0] ,abs15816
[1],[6],[2],[0],[1],[1] ,abs10114
[0],[],[],[],[],[0] ,abs12346
1,3,2,[],1,1 ,abs10094
[1],[4 5],[1],[0],[1],[0] ,abs07712
[0],[],[],[],[],[1] ,abs04275
[0],[],[],[],[0],[1] ,abs10399
[1],[1 2],[],[22],[1],[1] ,abs09198
[0],[2],[],[0],[1],[1] ,abs13165
[1],[6],[],[0],[1],[1] ,abs01209
[1],[4 5 6],[],[0],[],[0] ,abs21856
[1],[2],[],[0],[1],[1] ,abs10043
1,4 5 6,2,0,1,1 ,abs08882
[1],[4 5 6 7],[],[0],[],[0] ,abs15799
[1],[6],[2],[0],[1],[1] ,abs06814
[0],[],[],[],[],[0] ,abs13171
[1],[1 2 5 6],[1],[0],[],[0] ,abs09663
[0],[5 6],[1],[0],[1],[0] ,abs12606
[1],[5 6],[],[0],[],[0] ,abs04462
[1],[2],[],[3],[],[1] ,abs17508
[1],[2],[2],[0],[0],[1] ,abs06943
[0],[],[],[],[1],[1] ,abs10024
[1],[6],[],[0],[],[0] ,abs20998
[0],[],[],[],[1],[1] ,abs18449
[1],[6],[2],[3],[1],[1] ,abs08023
[0],[],[],[],[1],[1] ,abs05037
[0],[],[],[],[1],[1] ,abs10610
[1],[4 5 6],[],[0],[],[0] ,abs05492
[1],[2],[2],[12],[],[1] ,abs00373
[1],[6],[],[0],[],[1] ,abs11390
[1],[6],[2],[0],[1],[1] ,abs17713
[1],[2],[],[22],[],[0] ,abs21249
1,3 7,2,0,1,1 ,abs18872
[1],[6],[1],[0],[],[0] ,abs16401
[1],[6],[2],[0],[1],[1] ,abs16954
[1],[2],[],[7],[1],[0] ,abs20371
[1],[3 4 5 6],[2],[0],[1],[0] ,abs22124
[1],[3],[],[0],[1],[1] ,abs19260
[1],[5],[1],[0],[],[0] ,abs20049
[1],[6],[1],[0],[],[0] ,abs19349
[0],[],[],[],[],[1] ,abs08543
[1],[4 5],[2],[0],[],[1] ,abs12879
[1],[6],[2],[0],[],[0] ,abs07403
[1],[6],[],[0],[],[1] ,abs14945
[1],[3],[],[0],[1],[1] ,abs01634
[1],[2],[2],[0],[],[1] ,abs22044
[0],[],[2],[0],[],[0] ,abs15786
1,[4 5],[],[0],1,1 ,abs18728
[1],[4 5],[2],[0],[1],[0] ,abs14993
[1],[4 6],[],[0],[],[1] ,abs08262
1,6,2,[0],1,1 ,abs21628
[0],[],[],[],[1],[1] ,abs14310
1,4 5,2,0,1,0 ,abs10897
[1],[6],[2],[0],[],[0] ,abs12148
[0],[],[],[],[],[1] ,abs01622
[1],[6],[2],[0],[1],[1] ,abs02848
[1],[6],[],[0],[],[0] ,abs07902
[1],[2],[2],[22],[1],[1] ,abs01968
[1],[1 2],[2],[6 8 33],[1],[1] ,abs10086
[0],[],[],[],[0],[1] ,abs05221
[1],[4 5],[2],[0],[1],[1] ,abs08165
[1],[4 5 6 7],[],[0],[],[0] ,abs08515
[1],[4 5],[],[0],[],[0] ,abs07432
[0],[],[],[],[],[0] ,abs04932
[1],[2 6],[],[0],[1],[1] ,abs19997
[0],[],[],[],[0],[1] ,abs00170
[1],[5 6],[1],[0],[],[0] ,abs14689
[1],[3],[],[0],[],[0] ,abs01924
[1],[2],[2],[0],[0],[1] ,abs00821
1,2,2,3,1,1 ,abs17553
[0],[],[],[],[],[0] ,abs09378
[0],[],[],[],[],[1] ,abs05071
[1],[3 6],[],[0],[],[0] ,abs19702
1,[3],2,[0],1,1 ,abs20571
[1],[4 5],[],[0],[],[0] ,abs08226
[0],[],[],[],[1],[1] ,abs02587
[1],[6],[],[0],[],[0] ,abs15322
[1],[4 5],[2],[0],[],[0] ,abs09156
[0],[],[],[],[],[0] ,abs07994
[1],[3 6],[],[0],[],[1] ,abs04876
[0],[],[],[],[1],[1] ,abs20113
1,[5 6],[2],[0],[1],[0] ,abs12453
[0],[],[],[],[1],[1] ,abs03895
[0],[],[],[],[],[0] ,abs16111
1,6,2,0,1,1 ,abs10272
[1],[5],[1],[0],[1],[1] ,abs11395
[0],[],[],[],[],[1] ,abs16579
[0],[],[],[],[1],[1] ,abs01080
[1],[4 5],[],[0],[1],[1] ,abs21037
[1],[6],[2],[0],[1],[1] ,abs19932
[1],[5],[2],[0],[],[0] ,abs07480
[1],[2],[2],[3],[1],[1] ,abs22145
[1],[2],[],[12],[],[1] ,abs17296
[1],[4 5 6],[],[0],[1],[1] ,abs07560
[1],[2],[2],[0],[1],[1] ,abs14475
[1],[3],[1],[16],[1],[1] ,abs20112
1,4 5,2,0,1,0 ,abs05468
[1],[4 5],[1],[0],[],[0] ,abs09739
[1],[6],[],[0],[],[1] ,abs08819
[1],[4 5],[1],[0],[],[0] ,abs05705
[1],[6],[2],[0],[],[0] ,abs04182
[1],[2],[2],[0],[1],[1] ,abs10713
[1],[4],[2],[0],[1],[1] ,abs11975
1,2 5,2,22,1,0 ,abs17456
1,4 5,2,0,1,1 ,abs14550
[0],[],[],[],[0],[1] ,abs17257
[1],[4 5],[1],[0],[1],[1] ,abs10738
[1],[5 6],[2],[0],[1],[0] ,abs14595
[1],[1 2],[1],[22 26 27 28 33 39],[1],[1] ,abs02799
1,6,2,0,1,1 ,abs18846
[1],[6],[],[0],[1],[1] ,abs20635
[1],[6],[],[0],[],[1] ,abs20862
[0],[],[],[],[],[1] ,abs00849
1,[5 6],[1],[0],1,[0] ,abs11303
[1],[6],[2],[0],[1],[1] ,abs10310
[1],[4 5],[2],[0],[1],[0] ,abs12918
[1],[6],[2],[0],[1],[1] ,abs17278
[1],[6],[2],[0],[],[0] ,abs12417
[1],[4 5],[],[0],[1],[1] ,abs21348
[1],[4 5],[1],[0],[],[0] ,abs07115
1,4 5,2,0,1,1 ,abs13559
[1],[4 5 6],[1],[0],[1],[0] ,abs12680
[1],[4 5],[1],[0],[1],[1] ,abs16945
[1],[1 2],[1],[10],[],[0] ,abs03888
[0],[],[],[],[1],[1] ,abs01527
1,4 5,2,0,1,0 ,abs07171
[1],[4 5 6],[2],[3],[1],[1] ,abs08034
[1],[5],[1],[0],[1],[0] ,abs12227
[0],[],[],[],[1],[1] ,abs11253
[1],[6],[],[0],[],[1] ,abs19767
[1],[6],[2],[0],[],[1] ,abs06547
1,1 2,2,7,1,1 ,abs21714
[1],[7],[2],[0],[1],[1] ,abs04321
[1],[4 5],[1],[0],[1],[0] ,abs07277
1,[6],2,[0],1,1 ,abs21589
[1],[4 5 6],[],[0],[],[0] ,abs16600
[1],[6],[2],[0],[1],[1] ,abs19710
[1],[2 3 6],[2],[3],[1],[1] ,abs00013
[1],[2],[],[3],[],[1] ,abs00408
[1],[2],[],[0],[],[1] ,abs20721
[0],[],[],[],[1],[1] ,abs02362
1,4 5 6,2,0,1,0 ,abs08072
1,5 6,2,0,1,0 ,abs15214
[1],[4 5 6],[2],[0],[],[0] ,abs12214
[0],[],[],[],[],[1] ,abs00622
[1],[1 2 5 6],[1],[1 2 3 6 7],[1],[0] ,abs08801
[1],[4 5 6],[2],[0],[],[1] ,abs06384
[1],[4 5],[],[],[],[1] ,abs14518
[0],[],[],[],[1],[1] ,abs14321
[0],[],[],[],[],[0] ,abs00164
[1],[4 5 6],[2],[0],[],[0] ,abs15061
[1],[4 5],[2],[0],[1],[1] ,abs20726
[1],[0],[2],[0],[1],[1] ,abs10246
[0],[],[2],[0],[1],[1] ,abs01345
[1],[6],[],[0],[],[1] ,abs04981
[0],[],[],[3],[1],[1] ,abs01360
[0],[],[],[],[0],[1] ,abs17891
1,[3],[2],[0],[1],1 ,abs03273
1,4 5 6 7,2,0,1,0 ,abs14948
[1],[5],[1],[0],[],[0] ,abs16162
[1],[6],[2],[0],[],[0] ,abs16211
[1],[2],[],[26],[1],[0] ,abs10486
[1],[6],[2],[0],[1],[1] ,abs13696
[1],[2],[2],[3],[1],[1] ,abs14428
[1],[2],[2],[3],[1],[1] ,abs00349
[0],[],[],[],[1],[1] ,abs04036
[0],[],[],[],[0],[1] ,abs04174
[1],[6],[2],[0],[],[0] ,abs15381
[1],[2],[2],[0],[1],[1] ,abs17729
[1],[4 5],[1],[0],[1],[1] ,abs08880
[0],[],[],[],[],[0] ,abs13333
[1],[6],[1],[0],[1],[1] ,abs03129
[1],[6],[0],[0],[1],[0] ,abs03035
1,4 5,2,0,1,0 ,abs19503
[1],[6],[2],[0],[1],[1] ,abs18295
1,[6],[],[0],[],1 ,abs19164
[1],[2],[2],[0],[],[1] ,abs03715
[0],[],[],[],[1],[1] ,abs02591
[1],[2],[],[3],[1],[1] ,abs06919
[1],[1 2 4 5 6],[],[23],[1],[1] ,abs08167
[1],[4 5],[],[0],[],[0] ,abs15205
[1],[2],[],[3],[],[1] ,abs18292
[1],[4 5 6],[2],[0],[],[1] ,abs14737
[0],[],[],[],[],[0] ,abs15962
[1],[6],[2],[0],[1],[1] ,abs10692
[1],[6],[2],[3],[1],[1] ,abs20340
[1],[4 5],[1],[0],[1],[1] ,abs06107
[1],[4 5],[],[0],[],[0] ,abs15205
[1],[5 6],[],[0],[1],[0] ,abs09742
[0],[],[],[],[1],[1] ,abs12228
[1],[6],[0],[0],[1],[1] ,abs05194
1,[3 4],2,[0],1,1 ,abs06175
1,[6],[1],[0],[1],[0] ,abs18725
1,5 6,2,0,1,0 ,abs12294
[1],[3 7],[],[0],[1],[1] ,abs18664
[1],[1 2 4],[2],[0],[1],[1] ,abs10998
[0],[],[],[],[0],[1] ,abs06922
[1],[4 5 6],[],[0],[],[0] ,abs15026
[0],[],[],[],[0],[1] ,abs18303
[1],[5 6],[],[0],[1],[0] ,abs11586
[1],[1 2],[2],[9 22 33],[1],[0] ,abs06830
[0],[],[],[],[0],[1] ,abs05206
1,3,2,3,1,1 ,abs18612
[1],[6],[2],[0],[1],[1] ,abs22080
[1],[4 5],[2],[0],[1],[1] ,abs11998
[1],[5],[1],[0],[],[0] ,abs04978
[1],[4 5 6 7],[],[0],[],[1] ,abs15472
[1],[4 5],[],[0],[1],[1] ,abs16783
[1],[3 6],[],[],[],[1] ,abs22098
[0],[],[],[],[1],[1] ,abs10914
[0],[],[],[],[1],[1] ,abs15696
[1],[3 6],[2],[0],[1],[1] ,abs18864
[0],[],[],[],[1],[1] ,abs05086
[1],[6],[2],[0],[],[1] ,abs19657
[1],[4 5],[2],[0],[1],[1] ,abs11396
[1],[4 5],[],[3],[],[1] ,abs13393
[1],[4 5],[1],[0],[1],[0] ,abs02892
1,[2],[],[3],[],1 ,abs17726
[0],[],[],[],[],[1] ,abs04950
[1],[3 6],[],[0],[1],[1] ,abs19378
[1],[3 6],[2],[0],[1],[0] ,abs18971
[1],[6],[],[3],[1],[1] ,abs18540
[1],[1 2],[1],[1 2 3 6 7 8 9 15 16 17 18 20 22 23 24 25 26 27 28 33 34 35 36 37 40],[1],[0] ,abs18757
[1],[6],[],[0],[],[0] ,abs21168
[1],[4 5],[],[0],[],[0] ,abs06048
[1],[6],[],[0],[],[1] ,abs01684
[0],[],[],[],[0],[1] ,abs10508
[0],[],[],[],[],[0] ,abs13449
[1],[4 5],[],[0],[],[1] ,abs19296
[1],[6],[2],[0],[1],[0] ,abs09686
[1],[2],[],[],[1],[1] ,abs14162
1,4 5,2,0,1,1 ,abs08675
[1],[6],[],[3],[],[1] ,abs05250
[1],[6],[2],[0],[1],[0] ,abs21564
1,4 5 6,2,0,1,1 ,abs10852
[1],[4 5],[1],[0],[1],[1] ,abs20388
[1],[5 6],[2],[0],[],[0] ,abs16702
[1],[6],[2],[0],[],[0] ,abs05421
[1],[6],[],[0],[1],[1] ,abs13249
[1],[4 6],[],[0],[],[1] ,abs16542
[1],[4 5],[],[0],[1],[1] ,abs04202
[1],[6],[],[18 22],[1],[1] ,abs02059
1,[3 6],2,[0],1,1 ,abs07417
[1],[4 5],[2],[0],[],[1] ,abs17996
[1],[6],[2],[0],[],[1] ,abs11579
[1],[6],[],[0],[1],[1] ,abs20587
[1],[6],[2],[0],[],[1] ,abs21578
1,[5 6],[],[0],[],[0] ,abs15765
[1],[5 6],[],[0],[],[0] ,abs16873
[0],[],[],[],[0],[1] ,abs17109
[1],[3],[],[0],[1],[0] ,abs06921
[1],[6],[2],[0],[1],[1] ,abs13984
[1],[2],[2],[3],[0],[1] ,abs16680
[1],[3 6],[],[0],[],[1] ,abs00713
[0],[],[],[],[],[1] ,abs03217
[1],[1 2],[2],[9],[],[1] ,abs08327
[1],[4 5 6],[],[0],[],[1] ,abs09528
[1],[5 6],[],[0],[],[0] ,abs08026
[1],[6],[],[0],[],[1] ,abs21374
[1],[5 6],[1],[0],[1],[1] ,abs07617
[0],[],[],[],[0],[1] ,abs03252
[1],[4 5],[1],[0],[],[1] ,abs09084
[1],[6],[2],[0],[],[0] ,abs03538
[1],[6],[],[0],[],[1] ,abs05189
[1],[6],[2],[26],[1],[0] ,abs18794
[1],[5 6],[],[0],[],[0] ,abs20229
[1],[6],[],[0],[1],[1] ,abs18937
[1],[4 5 6],[2],[0],[],[0] ,abs07215
[1],[2],[],[3],[1],[1] ,abs17144
[1],[2 3],[],[7],[1],[1] ,abs16072
[1],[4 5],[1],[0],[],[0] ,abs12759
[1],[6],[2],[0],[1],[1] ,abs10281
1,[4 5],2,[0],1,1 ,abs09590
1,3,2,0,1,1 ,abs19751
[1],[1 2],[],[18 28],[],[1] ,abs16075
[1],[6],[2],[0],[],[1] ,abs02463
1,1 2,2,9,1,1 ,abs14382
1,[4 5 6],2,[0],1,0 ,abs14538
[0],[],[],[],[1],[1] ,abs18455
[0],[],[],[],[],[0] ,abs03462
[1],[2],[],[12],[],[1] ,abs18334
[1],[4 5],[],[0],[],[0] ,abs07483
[1],[6],[],[0],[],[1] ,abs05044
[1],[6],[2],[0],[1],[1] ,abs10186
[0],[6],[2],[0],[1],[0] ,abs00394
[1],[4 5],[],[18],[1],[1] ,abs14929
[1],[2],[],[0],[],[1] ,abs21805
1,4 5,2,0,1,1 ,abs09042
[1],[2],[],[3],[],[1] ,abs04308
[0],[],[],[],[1],[1] ,abs03502
[1],[4 5],[1],[0],[1],[0] ,abs06310
[1],[5 6],[],[15],[],[1] ,abs16525
[1],[2 3 6],[2],[3],[1],[1] ,abs10711
[1],[4 6],[2],[0],[],[0] ,abs09124
[1],[7],[2],[0],[1],[1] ,abs02720
[1],[4 5],[1],[0],[],[0] ,abs07736
[0],[],[],[],[1],[1] ,abs02110
1,2,2,3,1,1 ,abs06686
[0],[],[],[],[0],[1] ,abs14446
[0],[],[],[0],[0],[1] ,abs04666
1,2,2,[],1,1 ,abs10518
[1],[2],[],[0],[],[1] ,abs03093
1,[6],2,[0],1,0 ,abs13408
[1],[4 5 6],[2],[0],[],[1] ,abs07422
[1],[6],[2],[0],[],[0] ,abs14656
[1],[4 5 6 7],[],[3],[1],[1] ,abs21123
[1],[2],[1],[3],[1],[1] ,abs10462
[0],[],[],[],[],[1] ,abs11028
[1],[6],[1],[0],[1],[0] ,abs18139
[1],[5 6],[],[0],[],[0] ,abs07918
[1],[2],[0],[0],[2],[1] ,abs18545
[0],[],[],[],[1],[1] ,abs13800
[0],[],[],[],[],[0] ,abs01094
[0],[],[],[],[1],[1] ,abs01235
[1],[4],[2],[0],[],[1] ,abs08105
[1],[6],[2],[0],[],[0] ,abs15209
[1],[3 6],[],[0],[],[0] ,abs19958
[1],[6],[2],[0],[1],[1] ,abs01752
[1],[4 5],[1],[0],[],[0] ,abs05406
[1],[4 5],[],[0],[],[0] ,abs21210
[1],[4 5 6],[2],[0],[],[0] ,abs16800
[1],[6],[2],[0],[],[1] ,abs18786
[0],[],[],[],[],[0] ,abs21968
[1],[4 5],[],[0],[],[1] ,abs15199
[1],[1 2],[2],[8 9],[1],[1] ,abs21772
[0],[],[],[],[1],[1] ,abs11737
[1],[4 5],[],[0],[],[0] ,abs07445
[1],[5 6],[2],[0],[],[0] ,abs09281
[1],[2],[2],[3],[1],[1] ,abs14210
[1],[4 5],[2],[0],[],[1] ,abs11683
[1],[2],[2],[3],[1],[1] ,abs06554
[1],[4 5 6],[2],[0],[1],[0] ,abs08020
[1],[4 5 7],[],[0],[],[1] ,abs19457
1,2,2,3,1,1 ,abs21757
[1],[4 5],[],[0],[1],[1] ,abs07459
[1],[4 5],[2],[0],[],[0] ,abs06020
1,2,2,3,1,1 ,abs10338
[1],[5],[2],[3],[],[1] ,abs10893
[0],[],[],[],[],[1] ,abs01348
[1],[6],[],[0],[],[0] ,abs12654
[0],[],[],[],[1],[1] ,abs03433
[0],[],[],[],[],[1] ,abs02191
[1],[4 5 6],[2],[0],[],[0] ,abs18635
1,2,2,0,1,1 ,abs21715
[1],[1 2],[],[9],[],[1] ,abs04626
[1],[5 6],[],[0],[],[0] ,abs16825
[1],[4],[2],[0],[],[0] ,abs08178
[1],[5 6],[],[0],[],[0] ,abs05549
[1],[4 5],[2],[0],[],[1] ,abs11022
[0],[],[2],[0],[1],[1] ,abs17440
[1],[4 5],[2],[0],[1],[1] ,abs08432
[1],[4 5 6],[1],[0],[],[0] ,abs19000
[0],[],[],[],[],[0] ,abs04822
[1],[6 5],[1],[0],[1],[0] ,abs11911
[1],[1 2],[],[22 26 27 28 33 39],[1],[1] ,abs04015
[1],[6],[1],[0],[1],[0] ,abs20818
[1],[5 6],[],[0],[],[0] ,abs18095
[0],[4 5],[2],[0],[1],[0] ,abs08704
[1],[2],[],[0],[],[1] ,abs05282
1,3,2,[0],1,1 ,abs08765
[0],[],[],[],[1],[1] ,abs02877
[1],[6],[2],[0],[1],[1] ,abs03163
[0],[],[],[],[],[1] ,abs04788
[1],[6],[2],[0],[1],[0] ,abs08645
[1],[6],[2],[0],[1],[1] ,abs17298
[1],[4 5],[1],[0],[],[0] ,abs07341
[0],[],[],[],[],[0] ,abs08540
[1],[4 5],[2],[0],[],[0] ,abs18763
[1],[1 2],[],[26],[1],[1] ,abs21991
[1],[3],[],[0],[],[1] ,abs21545
[0],[],[],[],[1],[1] ,abs05095
[0],[],[],[],[],[0] ,abs15022
[1],[5],[1],[0],[],[0] ,abs05329
[1],[6],[],[3],[1],[0] ,abs21162
[1],[2],[],[3],[],[1] ,abs17969
[0],[],[],[],[],[1] ,abs03647
[1],[6],[2],[0],[1],[1] ,abs07549
[1],[3 4 5 6],[2],[0],[1],[1] ,abs09393
[1],[4 5],[2],[0],[1],[0] ,abs08601
[1],[6],[],[0],[],[1] ,abs20209
[1],[6],[],[0],[],[1] ,abs01281
[1],[4 5 6],[],[0],[],[0] ,abs08858
[0],[],[],[],[],[0] ,abs12926
[1],[4 5],[],[0],[],[1] ,abs15326
[1],[4 5 6 7],[2],[0],[],[0] ,abs10791
[1],[6],[2],[0],[1],[1] ,abs01101
[1],[2],[1],[9],[1],[1] ,abs21882
[0],[],[],[],[],[1] ,abs11264
1,[6],2,[0],1,1 ,abs16853
[1],[4 5 6],[2],[0],[],[0] ,abs10960
[1],[2],[],[0],[],[1] ,abs06428
[1],[3 6],[1],[15],[1],[1] ,abs03642
[0],[],[0],[0],[1],[1] ,abs00125
[0],[],[],[],[1],[1] ,abs01557
[0],[],[],[],[1],[1] ,abs02894
[0],[],[],[],[],[0] ,abs13385
[0],[],[],[],[1],[1] ,abs06450
[1],[5 6],[],[0],[],[0] ,abs06031
[0],[],[0],[0],[0],[0] ,abs13337
[1],[6],[2],[0],[1],[1] ,abs20782
[0],[],[],[],[1],[1] ,abs21361
[1],[2],[2],[0],[0],[1] ,abs17244
[1],[4 5],[],[0],[],[0] ,abs08507
[1],[6 7],[2],[0],[],[1] ,abs20743
1,[4 5],2,[0],1,0 ,abs12913
[1],[4 5],[],[0],[1],[0] ,abs09351
[1],[2],[],[3],[],[1] ,abs20402
[0],[],[],[],[],[0] ,abs03840
[0],[],[],[],[1],[1] ,abs21453
[1],[4 5],[],[0],[],[0] ,abs10979
[1],[4 5],[],[0],[],[0] ,abs16917
[0],[],[],[],[0],[1] ,abs01939
[0],[],[],[],[1],[1] ,abs01916
[1],[4 5 6],[2],[0],[1],[1] ,abs16792
1,5 6,1,0,1,1 ,abs12220
[0],[],[],[],[1],[1] ,abs13594
[1],[3 6],[2],[0],[1],[1] ,abs00017
[1],[6],[0],[0],[],[1] ,abs05074
[1],[6],[1],[0],[1],[0] ,abs20218
[0],[],[],[],[],[1] ,abs09221
[1],[4 5],[2],[0],[1],[0] ,abs16221
[1],[4 5 6],[],[18],[1],[1] ,abs20995
[0],[],[],[],[],[0] ,abs15673
[1],[1 2 4 5 6],[2],[24],[],[0] ,abs21360
[1],[1 2],[],[12 22 33 39],[1],[0] ,abs05873
[1],[4 5],[],[0],[],[0] ,abs11127
1,5 6,1,0,1,1 ,abs11188
[0],[],[],[],[],[1] ,abs17457
[1],[5 6],[1],[0],[1],[1] ,abs02214
[1],[6],[1],[0],[1],[0] ,abs12341
[0],[],[],[],[],[0] ,abs11041
[1],[4 5 6],[],[0],[1],[0] ,abs11866
[1],[4 5],[],[0],[],[0] ,abs12423
[1],[4 5],[],[0],[],[0] ,abs20792
[0],[],[],[],[1],[1] ,abs02992
[0],[],[2],[0],[1],[1] ,abs13889
[1],[2],[2],[2],[1],[1] ,abs09875
1,2,2,3,1,1 ,abs10636
[0],[],[],[],[1],[1] ,abs10405
[1],[4 5],[],[0],[],[0] ,abs13025
[1],[2 6],[],[16],[1],[1] ,abs00455
1,[3 6],2,[0],1,1 ,abs20817
1,[6],[],[0],[],1 ,abs19836
[1],[4 5],[],[0],[1],[1] ,abs21472
[0],[],[],[],[1],[1] ,abs02329
1,[5 6],[1],[0],[1],[0] ,abs01549
[1],[4 5 6],[2],[0],[1],[0] ,abs12782
[0],[],[],[],[1],[1] ,abs18380
[0],[],[],[],[],[0] ,abs12833
[1],[6],[],[0],[],[1] ,abs20543
1,6 4 5,2,0,1,0 ,abs18723
[1],[2],[],[15 16 17 18 22],[1],[1] ,abs09648
[0],[],[],[],[1],[1] ,abs14097
[1],[5 6],[],[0],[],[0] ,abs15223
[0],[],[],[],[0],[1] ,abs06931
[1],[5],[1],[0],[],[0] ,abs17997
[1],[4 6],[],[0],[1],[1] ,abs17823
[1],[5 6],[],[0],[],[0] ,abs11882
[1],[4 6],[],[0],[1],[1] ,abs15149
[1],[6],[1],[0],[],[0] ,abs00037
[1],[4],[2],[0],[1],[1] ,abs11490
[1],[5],[1],[0],[1],[0] ,abs07882
[1],[6],[2],[0],[],[0] ,abs20311
[1],[5],[1],[0],[],[0] ,abs08606
[1],[3 6],[1],[0],[],[0] ,abs19107
[0],[],[],[],[0],[1] ,abs18460
[1],[6],[2],[0],[1],[1] ,abs21907
[1],[5],[1],[0],[1],[0] ,abs08726
[0],[],[],[],[],[1] ,abs04493
[0],[5],[],[],[],[0] ,abs15219
[1],[3 6],[],[0],[],[1] ,abs04883
[0],[],[],[],[1],[1] ,abs17115
[1],[2],[2],[0],[0],[1] ,abs17080
1,5 6,2,0,1,0 ,abs07442
[1],[5 6],[1],[0],[1],[0] ,abs07595
1,1 2,2,7,1,1 ,abs06455
[1],[6],[2],[0],[],[0] ,abs20619
[1],[4 5 6],[],[0],[],[1] ,abs16863
[1],[4 5],[],[],[],[1] ,abs17871
[0],[],[],[],[0],[1] ,abs17775
1,[5],[],[0],[],[0] ,abs15274
[1],[2],[2],[3],[1],[1] ,abs17369
[0],[],[],[],[1],[1] ,abs02341
1,4 5,1,0,1,0 ,abs06119
[1],[2],[],[3],[],[1] ,abs21764
[0],[],[],[],[],[0] ,abs01157
[1],[4 5],[2],[3],[1],[1] ,abs08343
[1],[4 5 6],[],[],[],[0] ,abs21097
[1],[1 2 6],[],[41],[],[0] ,abs20355
[0],[],[],[],[1],[1] ,abs14318
[0],[],[],[],[0],[1] ,abs21994
[1],[4 5],[],[0],[],[0] ,abs16312
[1],[2],[],[3],[1],[1] ,abs17162
[1],[5 6],[],[0],[1],[0] ,abs15083
[1],[5],[1],[0],[],[0] ,abs06255
[1],[6],[2],[0],[],[0] ,abs10996
[0],[],[],[],[1],[1] ,abs18487
[1],[6],[],[0],[],[0] ,abs11568
[1],[4 6],[],[0],[],[1] ,abs12233
[1],[2],[2],[0],[0],[1] ,abs06621
[1],[1 2],[2],[9],[1],[1] ,abs17083
[1],[2 3],[],[13 22],[1],[1] ,abs20121
[1],[4 5],[],[0],[1],[1] ,abs05972
[0],[],[],[],[],[0] ,abs18119
[1],[0],[0],[0],[],[1] ,abs21913
1,2,2,0,0,1 ,abs17530
[1],[2],[],[0],[],[0] ,abs10822
[0],[],[],[],[1],[1] ,abs15596
[1],[4 5],[2],[0],[],[1] ,abs20870
[1],[2],[],[],[1],[1] ,abs10485
[1],[5],[2],[0],[],[0] ,abs11985
1,4 5,2,[],1,1 ,abs14501
[1],[6],[2],[0],[1],[1] ,abs17629
[1],[1 2],[2],[7],[],[1] ,abs09981
[0],[],[],[],[1],[1] ,abs00716
[1],[4 5],[],[0],[],[0] ,abs12097
[1],[4 5],[],[0],[],[0] ,abs07959
[1],[3],[2],[0],[1],[1] ,abs18447
[1],[6],[2],[0],[1],[1] ,abs01136
[0],[],[],[],[0],[1] ,abs02855
[1],[6],[],[0],[],[1] ,abs01223
[1],[4 5 6 7],[],[0],[],[0] ,abs12844
[0],[6],[],[],[],[0] ,abs11032
[0],[],[],[],[],[0] ,abs00624
[1],[3 6],[],[0],[1],[1] ,abs03814
[0],[],[],[],[1],[1] ,abs02589
1,[4 5],[1],[0],1,1 ,abs05843
[1],[2],[2],[3],[0],[1] ,abs01053
[1],[6 7],[2],[0],[],[1] ,abs09815
1,[4 5 6],[1],[0],1,[0] ,abs07478
[1],[5 6],[1],[0],[],[0] ,abs08740
[1],[4 6],[2],[0],[],[0] ,abs13006
[1],[4 5],[1],[0],[1],[1] ,abs10902
[1],[4 5],[],[0],[1],[1] ,abs06297
[1],[2],[],[],[1],[1] ,abs09974
[1],[6],[2],[0],[1],[1] ,abs02557
1,2,2,0,1,1 ,abs21735
[1],[4 5 6],[],[0],[],[0] ,abs08113
[1],[4 5 6],[1],[3],[1],[1] ,abs11055
[1],[5 6],[1],[0],[1],[0] ,abs07779
[1],[1 2],[],[23],[],[1] ,abs16218
[1],[2],[],[3],[],[0] ,abs03083
1,[6],2,[3],[],1 ,abs02230
[1],[4 5],[1],[0],[],[0] ,abs16309
[1],[6 7],[2],[0],[],[0] ,abs08818
[1],[4 5],[2],[0],[],[0] ,abs07131
[1],[4 5],[],[0],[],[0] ,abs09721
[0],[],[],[],[1],[1] ,abs17731
[1],[6],[1],[0],[1],[0] ,abs08605
[1],[4 5],[1],[2],[1],[1] ,abs08114
[1],[6],[],[0],[],[0] ,abs16506
[1],[3],[2],[0],[1],[1] ,abs20454
[1],[6],[],[3],[],[0] ,abs00060
[1],[6 7],[2],[0],[],[0] ,abs15583
1,1 2,2,7,1,1 ,abs00359
[1],[4 5 6],[2],[0],[],[0] ,abs12151
[1],[6],[2],[0],[1],[1] ,abs10316
[1],[6],[],[0],[],[0] ,abs03686
[0],[],[],[],[1],[1] ,abs17907
[1],[2],[2],[0],[1],[1] ,abs10613
[1],[5 6],[2],[0],[],[0] ,abs08458
1,4 5,2,[],0,1 ,abs19485
[1],[6],[2],[0],[1],[0] ,abs09610
[1],[6],[],[0],[],[0] ,abs12418
[0],[],[],[],[],[0] ,abs16646
[1],[6],[1],[0],[],[0] ,abs16459
[1],[4 5],[],[0],[],[1] ,abs17980
[1],[4 5],[2],[0],[1],[0] ,abs09529
[1],[6],[2],[0],[],[1] ,abs19472
[1],[4 5],[1],[0],[1],[0] ,abs05481
[0],[],[],[],[1],[1] ,abs02535
[1],[6],[2],[0],[],[1] ,abs12739
[0],[],[1],[3],[1],[1] ,abs02888
1,5 6,1,0,1,0 ,abs15413
[1],[6],[],[0],[1],[1] ,abs02993
[1],[6],[2],[0],[1],[0] ,abs09676
[1],[3 5],[],[0],[1],[0] ,abs20627
[1],[6],[2],[0],[1],[1] ,abs13641
[1],[4 5 6 7],[2],[0],[],[0] ,abs17923
[1],[6],[2],[0],[1],[1] ,abs03871
[1],[4 5],[],[0],[1],[1] ,abs02409
[0],[],[],[],[1],[1] ,abs19726
[0],[2],[],[7],[1],[1] ,abs19847
[0],[],[],[],[],[0] ,abs15493
[0],[],[],[],[1],[1] ,abs14333
[1],[6],[2],[0],[1],[1] ,abs14418
1,[3 6],[2],[0],[1],[1] ,abs19001
[1],[1 2],[2],[7],[0],[1] ,abs22110
[0],[],[],[],[1],[0] ,abs04475
[1],[4 5],[2],[0],[1],[1] ,abs15822
[1],[4],[2],[0],[],[1] ,abs21228
1,[3 7],2,[0],1,1 ,abs19434
[1],[4 5],[2],[0],[],[0] ,abs07686
[1],[5 6],[],[0],[],[0] ,abs12336
[1],[4 5],[],[0],[],[0] ,abs16920
[0],[],[],[],[1],[1] ,abs02824
[1],[5 6],[1],[0],[1],[0] ,abs15366
[1],[6],[],[0],[],[1] ,abs20159
[1],[4 5],[],[0],[],[0] ,abs07596
[1],[4 5],[2],[0],[],[1] ,abs13379
[1],[3],[2],[0],[],[1] ,abs19708
[1],[4 5],[1],[0],[1],[1] ,abs19442
[0],[],[],[],[1],[1] ,abs00172
[0],[],[],[],[1],[1] ,abs17550
[1],[1 2],[],[15],[1],[0] ,abs00670
[1],[5],[1],[0],[],[0] ,abs16625
[1],[4 5],[1],[0],[1],[1] ,abs19489
[1],[2 6],[1],[15],[1],[1] ,abs17898
[1],[6],[2],[0],[],[0] ,abs07759
[0],[],[],[],[1],[1] ,abs03978
[1],[4 5],[],[3],[1],[1] ,abs21158
[1],[6],[1],[0],[1],[0] ,abs03708
[1],[6],[],[0],[],[1] ,abs20794
1,[],2,[],1,1 ,abs10333
1,[3 6],[],[0],[],1 ,abs04908
1,[4 5],[1],[0],[1],[0] ,abs08679
[1],[2],[],[0],[],[1] ,abs06563
[1],[4 6],[2],[0],[1],[1] ,abs08624
[0],[],[],[],[1],[1] ,abs00446
[1],[4 5 6],[],[0],[],[0] ,abs11528
[1],[4 5 6],[],[0],[],[0] ,abs19312
[1],[6],[2],[0],[],[0] ,abs21285
[1],[6],[2],[0],[1],[1] ,abs04057
[1],[4],[2],[0],[],[0] ,abs11342
[0],[],[],[],[],[1] ,abs17888
1,[5 6],2,[0],1,0 ,abs09147
[1],[2],[],[0],[],[1] ,abs01958
[1],[2 3],[],[5],[1],[1] ,abs04738
[0],[],[],[],[],[0] ,abs04515
[1],[5 6],[],[0],[],[0] ,abs03219
[1],[6 7],[2],[0],[1],[0] ,abs08534
0,[],1,[],1,1 ,abs10245
[0],[],[],[],[0],[1] ,abs04152
1,4 5,1,0,1,0 ,abs14846
[1],[4 5 6 7],[],[0],[],[0] ,abs08724
[1],[4 5 6],[2],[0],[],[0] ,abs06019
[1],[4 5],[],[0],[],[0] ,abs13609
[1],[6],[2],[0],[1],[1] ,abs20777
[1],[6],[],[0],[],[1] ,abs00635
[1],[6],[2],[0],[],[1] ,abs22157
[1],[4 5],[1],[0],[1],[0] ,abs14580
[0],[],[],[],[1],[1] ,abs13150
[0],[],[],[],[],[1] ,abs04200
[0],[],[],[],[1],[1] ,abs13528
[1],[6],[],[0],[1],[1] ,abs04415
[1],[2],[],[3],[],[1] ,abs18256
[1],[4 5],[1],[0],[1],[1] ,abs16764
[1],[6],[2],[0],[1],[1] ,abs14107
[1],[6],[],[0],[],[0] ,abs14790
[0],[],[],[],[1],[1] ,abs02810
[1],[5 6],[2],[0],[1],[0] ,abs15725
[1],[6],[2],[0],[],[0] ,abs12508
[1],[4 5],[1],[0],[],[0] ,abs07723
[0],[],[],[],[],[1] ,abs01993
1,4 5,1,0,1,0 ,abs08282
[1],[6],[2],[0],[],[0] ,abs06415
[1],[4],[2],[7],[1],[1] ,abs10806
[1],[5],[2],[0],[],[0] ,abs07427
[0],[],[],[],[],[0] ,abs02766
[1],[4 5],[1],[0],[],[0] ,abs11254
[1],[5],[1],[0],[],[0] ,abs10803
[0],[4 5],[],[0],[],[0] ,abs21303
[0],[],[],[],[1],[1] ,abs00870
1,3,2,[0],1,1 ,abs22242
[1],[4 5 6],[],[0],[],[0] ,abs08713
[1],[6],[2],[0],[1],[1] ,abs22039
[1],[2],[],[0],[],[1] ,abs03131
[1],[3 6],[],[0],[1],[1] ,abs02192
[1],[6],[],[0],[],[0] ,abs16100
[1],[6],[2],[0],[1],[1] ,abs10536
[1],[4 5],[1],[0],[1],[1] ,abs08411
[1],[3],[2],[0],[],[0] ,abs16073
[1],[6],[],[0],[1],[1] ,abs05732
1,1 2,2,2,1,0 ,abs17222
[0],[],[],[],[1],[1] ,abs17506
1,3 4,1,0,1,0 ,abs01013
[1],[6],[],[0],[],[0] ,abs09848
[1],[4 5],[],[0],[1],[1] ,abs13435
[1],[4 5 6],[1],[0],[],[0] ,abs12781
[1],[4 5],[],[0],[],[0] ,abs00482
[1],[6],[2],[0],[1],[1] ,abs06546
[1],[4 5],[],[0],[],[1] ,abs07526
1,[4 5],[1],[0],1,[0] ,abs06122
[0],[],[],[],[],[1] ,abs02393
[1],[6],[2],[0],[],[0] ,abs07174
[1],[4 5 6],[],[0],[],[1] ,abs07817
[1],[6],[2],[0],[],[0] ,abs05036
1,3,2,[0],1,1 ,abs19128
[1],[4 5],[],[0],[],[0] ,abs13219
[0],[],[],[],[0],[1] ,abs18231
1,[6],2,[0],1,0 ,abs14207
[1],[6],[],[0],[],[1] ,abs04879
[1],[4 5 6 7],[],[0],[],[1] ,abs07940
[1],[3 6],[2],[3],[1],[1] ,abs01324
[0],[],[],[],[0],[1] ,abs00468
1,6,1,0,1,0 ,abs16273
[1],[6],[2],[0],[1],[0] ,abs09377
1,4 5,1,0,1,0 ,abs05947
[1],[4 5],[1],[0],[1],[1] ,abs09631
[1],[6],[2],[0],[],[0] ,abs19292
[1],[4 5],[],[0],[1],[1] ,abs08187
[0],[],[],[],[],[0] ,abs15880
[1],[2],[2],[3],[0],[1] ,abs17228
[0],[],[],[],[1],[1] ,abs17358
[1],[4 5],[],[0],[1],[1] ,abs05473
[1],[5 6],[1],[0],[1],[0] ,abs15002
[1],[4 5 6],[],[],[1],[1] ,abs00881
[1],[5 6],[1],[0],[1],[0] ,abs11019
[1],[2 6],[2],[0],[1],[1] ,abs10127
[1],[6 7],[],[0],[],[0] ,abs18120
[1],[2],[],[0],[],[1] ,abs21953
[0],[],[],[],[0],[1] ,abs00169
[1],[5],[2],[0],[],[0] ,abs08099
[1],[4 5 6],[],[0],[],[0] ,abs19255
1,0,2,[0],1,1 ,abs17718
[1],[5 6],[],[0],[],[0] ,abs15687
[1],[6],[2],[0],[],[1] ,abs17617
[1],[6],[],[0],[],[0] ,abs12281
[1],[4 5],[],[0],[1],[1] ,abs18634
[1],[4 5],[2],[0],[1],[0] ,abs14621
[1],[6],[2],[0],[1],[1] ,abs04180
1,6,2,[],1,1 ,abs02328
[1],[3 6],[],[3],[],[0] ,abs21433
[1],[2],[],[0],[],[1] ,abs18562
[1],[1 2],[2],[40],[1],[1] ,abs18456
[1],[6],[],[0],[],[1] ,abs20077
[1],[4 5],[],[0],[],[0] ,abs09398
[0],[],[],[],[1],[1] ,abs02996
[1],[4 5 6],[1],[0],[1],[0] ,abs09213
[1],[3 6],[],[],[],[1] ,abs19516
[0],[],[],[],[],[1] ,abs16528
[0],[],[],[],[],[0] ,abs11766
[1],[6],[2],[0],[],[0] ,abs12868
[1],[6],[2],[0],[],[0] ,abs21982
1,2,2,[],1,1 ,abs17070
[1],[5 6],[2],[0],[],[0] ,abs06347
[1],[4 5],[],[0],[],[0] ,abs16173
[0],[],[],[],[1],[1] ,abs17426
[1],[4 5],[],[0],[1],[1] ,abs16144
[1],[2],[],[14 22],[],[1] ,abs06483
[0],[],[],[],[],[1] ,abs03924
[1],[2],[],[10],[],[1] ,abs06452
1,5,1,[0],1,0 ,abs18714
[1],[6],[2],[0],[],[0] ,abs02863
[1],[4 5 6],[2],[0],[1],[0] ,abs13235
[1],[3],[],[0],[1],[1] ,abs20641
[1],[5 6],[1],[0],[1],[0] ,abs11862
[0],[],[],[],[1],[1] ,abs17806
[1],[1 2 6],[],[7],[],[0] ,abs00942
[1],[2],[],[3],[1],[1] ,abs09944
[1],[3],[1],[0],[1],[1] ,abs10334
[1],[2],[],[3],[1],[1] ,abs06661
[1],[4 5],[],[3],[],[1] ,abs16891
[0],[],[],[],[1],[1] ,abs02067
[0],[],[],[],[1],[1] ,abs00274
[1],[4 5 6 7],[2],[0],[],[0] ,abs20999
[1],[6],[2],[0],[],[1] ,abs04434
[0],[],[],[],[],[0] ,abs18050
[0],[],[],[],[1],[1] ,abs10606
[1],[6],[2],[0],[],[1] ,abs14865
[1],[5 6],[1],[0],[1],[1] ,abs21027
[1],[5 6],[],[0],[],[0] ,abs02597
1,2 4,1,7,1,1 ,abs01334
[0],[],[],[],[1],[1] ,abs08986
[0],[],[],[],[1],[1] ,abs17865
[1],[4 5],[],[0],[],[0] ,abs16583
[1],[6],[],[0],[],[0] ,abs08807
[1],[4 5],[2],[0],[],[0] ,abs15224
[1],[6],[2],[0],[],[0] ,abs07477
[0],[],[],[],[1],[1] ,abs02944
[1],[3 6],[],[0],[1],[1] ,abs05147
[1],[5 6],[1],[0],[1],[0] ,abs07731
[1],[6 7],[2],[0],[1],[0] ,abs02546
[1],[2],[],[26],[1],[1] ,abs00318
[1],[4 5 6],[2],[0],[],[1] ,abs21274
[1],[4 5 6],[],[0],[],[0] ,abs06163
[1],[6],[1],[0],[],[0] ,abs15820
1,5,1,[0],1,0 ,abs07441
[1],[6 7],[],[0],[],[0] ,abs01008
[1],[4 5],[1],[0],[],[0] ,abs14805
[0],[],[],[],[],[0] ,abs10745
[1],[5 6],[],[15],[],[0] ,abs11600
[1],[1 2 3 5 6],[1],[0],[1],[1] ,abs12441
[1],[5],[2],[0],[],[0] ,abs15095
[1],[2],[],[31],[],[1] ,abs22150
1,1 2,2,7,0,1 ,abs06895
[1],[6],[2],[0],[],[0] ,abs20342
[1],[6],[0],[3],[0],[1] ,abs06466
1,[3 6],2,[0],1,1 ,abs18925
[1],[6],[],[0],[],[1] ,abs20094
[1],[2],[1],[16],[1],[1] ,abs19852
[1],[6],[2],[0],[1],[1] ,abs14387
[1],[6],[2],[0],[1],[1] ,abs22118
[0],[],[],[],[1],[1] ,abs02598
[1],[6],[],[0],[1],[1] ,abs11560
[0],[],[],[],[1],[1] ,abs03049
[0],[],[],[],[1],[1] ,abs01452
[1],[2],[2],[0],[1],[1] ,abs22155
[1],[6 7],[2],[0],[1],[1] ,abs19768
1,4 5,0,0,1,0 ,abs08871
[1],[4 5],[],[3],[1],[1] ,abs18145
[1],[1 2],[],[9],[1],[1] ,abs01817
[1],[2],[],[3],[1],[1] ,abs13780
[0],[],[],[],[],[0] ,abs04297
[1],[4 5],[],[0],[1],[0] ,abs07176
[1],[5 6],[1],[0],[1],[0] ,abs20568
[1],[6],[],[0],[1],[1] ,abs10627
[1],[3 6 7],[],[0],[1],[1] ,abs19091
[0],[],[],[],[],[1] ,abs02420
[1],[2],[],[0],[],[1] ,abs03339
[1],[6],[],[0],[],[1] ,abs04315
[1],[2],[],[0],[],[1] ,abs20700
[1],[4 5],[],[0],[1],[1] ,abs05683
1,4 5,1,0,1,0 ,abs15520
[1],[4 5 6],[2],[0],[1],[0] ,abs17831
[1],[6],[],[0],[],[0] ,abs20820
[1],[2 3],[],[7],[1],[0] ,abs05093
[1],[5 6],[],[0],[1],[0] ,abs07476
[1],[1 2],[2],[22 26 28 33 39],[1],[1] ,abs21672
1,6,2,[0],1,1 ,abs21227
[1],[6],[1],[0],[1],[0] ,abs07244
[0],[],[],[],[1],[1] ,abs15836
[1],[2],[0],[0],[0],[1] ,abs05256
[1],[6],[],[0],[],[0] ,abs08055
[0],[],[],[],[],[0] ,abs05208
[1],[4 5],[],[0],[],[0] ,abs05301
[1],[6],[2],[0],[1],[1] ,abs04807
[0],[2 4],[],[0],[1],[1] ,abs21541
[1],[6],[2],[0],[],[0] ,abs07301
[1],[1 2],[],[22 26 27 28 33 39],[1],[1] ,abs20417
[1],[6],[2],[0],[],[0] ,abs04067
1,4 5,2,0,1,1 ,abs08737
[1],[4 5],[],[0],[],[0] ,abs07529
[1],[4 5],[1],[0],[],[0] ,abs13440
[1],[4 5 6],[],[0],[],[0] ,abs05682
[1],[6 7],[],[0],[],[0] ,abs15898
[1],[6],[2],[0],[],[0] ,abs05653
[0],[],[],[],[],[0] ,abs11556
[1],[4 5 6],[2],[23],[1],[0] ,abs15291
[0],[],[],[],[1],[1] ,abs02410
[0],[],[],[],[1],[1] ,abs00216
[0],[],[],[],[1],[1] ,abs10169
[1],[6],[2],[3],[1],[1] ,abs01536
[1],[5],[1],[0],[1],[1] ,abs05514
[1],[4 5],[],[0],[1],[1] ,abs10866
[1],[6],[2],[0],[],[1] ,abs20070
[1],[3],[2],[0],[1],[1] ,abs04526
1,4 5,2,0,1,0 ,abs07206
[0],[],[],[],[1],[1] ,abs01768
1,4 5,1,0,1,0 ,abs08148
1,3 5 6,1,0,1,0 ,abs19357
[1],[2],[2],[16],[1],[1] ,abs04050
[1],[6 7],[2],[0],[],[1] ,abs18942
[1],[4],[],[18],[1],[1] ,abs16439
1,[1 2],[2],[0],[],[0] ,abs06970
[1],[2],[],[0],[1],[1] ,abs21659
[1],[4 6],[],[0],[],[1] ,abs12965
[1],[5 6],[1],[0],[],[0] ,abs13586
[1],[1 2],[],[9],[1],[1] ,abs06668
[1],[6],[],[0],[],[0] ,abs06125
[0],[],[],[],[],[0] ,abs09455
[1],[6],[2],[0],[],[1] ,abs09978
[0],[],[],[],[1],[1] ,abs14096
1,[6],2,[0],1,1 ,abs22123
[1],[4 5],[],[0],[],[0] ,abs08503
[1],[5],[1],[0],[],[0] ,abs01699
[1],[5 6],[2],[0],[],[0] ,abs13342
[0],[],[],[],[0],[1] ,abs05011
[1],[5 6],[2],[0],[1],[0] ,abs06035
[1],[5],[1],[0],[1],[1] ,abs15899
[1],[6],[],[0],[],[0] ,abs19507
[0],[],[],[],[1],[1] ,abs18318
[0],[],[],[],[1],[1] ,abs13805
[0],[],[],[],[1],[1] ,abs02159
[1],[6],[],[0],[],[0] ,abs09350
[0],[],[],[],[1],[1] ,abs10643
[0],[],[],[],[],[0] ,abs16844
[1],[4 5 6],[],[0],[],[1] ,abs12560
[0],[],[],[],[],[0] ,abs02174
[0],[],[],[],[],[1] ,abs03964
[1],[4 5 6],[],[0],[],[0] ,abs21363
[1],[4 5],[2],[3],[],[1] ,abs12464
[1],[2],[],[3],[1],[1] ,abs10541
[1],[4 6],[2],[0],[],[1] ,abs21100
[1],[6],[2],[0],[1],[0] ,abs01814
[0],[],[2],[0],[1],[1] ,abs11002
[1],[4 5],[],[0],[],[1] ,abs16872
[1],[2],[],[3],[1],[1] ,abs14266
[1],[6],[2],[0],[1],[0] ,abs08626
[1],[6],[],[0],[],[1] ,abs20557
[1],[4 5 6],[1],[0],[1],[0] ,abs14505
[1],[4 5],[],[13 22],[],[0] ,abs21131
[0],[],[],[],[1],[1] ,abs02386
0,[],[],[],1,1 ,abs18285
[1],[3 6],[1],[0],[1],[1] ,abs00760
[1],[5 6],[],[0],[],[0] ,abs12455
[1],[2],[],[3],[],[1] ,abs13793
[1],[4 5 6],[],[0],[1],[0] ,abs09833
[1],[5],[2],[0],[],[0] ,abs15301
[1],[3 6],[],[0],[1],[1] ,abs03065
[1],[2],[2],[3],[1],[1] ,abs18482
[1],[6],[],[0],[],[1] ,abs03711
[1],[6],[2],[0],[1],[1] ,abs11526
[0],[],[],[],[1],[1] ,abs01584
[1],[5],[1],[3],[1],[0] ,abs17200
[1],[4 5 6],[],[0],[],[0] ,abs11023
[1],[2 6],[2],[0],[1],[1] ,abs01353
[1],[4],[],[0],[1],[1] ,abs08974
1,[5],[],[0],1,0 ,abs17766
[1],[4 5 6],[],[0],[1],[1] ,abs17879
[0],[],[],[],[1],[1] ,abs10945
[1],[4 5],[],[0],[1],[1] ,abs16694
[1],[2 3],[2],[0],[1],[1] ,abs00025
[1],[4 5],[],[0],[],[1] ,abs20235
[1],[4 5],[2],[0],[],[1] ,abs14671
[1],[6],[2],[0],[1],[1] ,abs10102
[1],[5],[1],[0],[1],[0] ,abs16657
[1],[0],[0],[0],[1],[1] ,abs14221
1,2,2,0,1,1 ,abs10029
[0],[],[],[],[],[1] ,abs04999
[1],[6],[],[3],[],[1] ,abs01403
1,4 5,1,0,1,0 ,abs10841
[1],[5],[1],[0],[],[0] ,abs11768
1,[3],2,[],1,1 ,abs19667
[1],[6],[2],[0],[],[0] ,abs12184
[1],[6 7],[1],[0],[1],[0] ,abs15556
[1],[3 6],[],[3],[1],[1] ,abs10007
[1],[4 5],[],[0],[],[0] ,abs15296
[1],[0],[2],[0],[1],[1] ,abs10522
1,[4 5],[],[0],1,1 ,abs09901
[1],[5 6],[],[0],[],[0] ,abs16498
[0],[],[],[],[],[0] ,abs17943
[1],[4 5],[],[0],[],[0] ,abs15745
[1],[4 5],[1],[0],[1],[0] ,abs18769
1,1 2,2,22,1,1 ,abs16024
[1],[3],[2],[0],[],[0] ,abs21385
[0],[],[],[],[],[0] ,abs12401
[0],[],[],[],[1],[1] ,abs21516
[1],[1 2],[],[7],[1],[1] ,abs21476
[1],[2],[],[0],[],[1] ,abs04971
[0],[],[],[],[0],[1] ,abs04824
[0],[],[],[],[],[1] ,abs15001
[1],[1 2],[2],[9],[],[1] ,abs07982
[1],[4 5],[2],[3],[1],[0] ,abs08214
[1],[6],[2],[0],[0],[1] ,abs06612
1,[3 4],[2],[0],[1],[1] ,abs08570
1,[1 2],2,[9],1,0 ,abs15129
[1],[4 5 6],[1],[0],[],[0] ,abs09593
[1],[6],[],[0],[],[1] ,abs00280
[1],[5 6],[1],[0],[1],[0] ,abs10921
[1],[1 2 4 5 6],[],[23 24 26 27 28 33 40],[],[0] ,abs15142
[1],[2 3],[2],[7 15 22 33 39],[1],[1] ,abs18916
[1],[7],[],[0],[],[0] ,abs09583
[0],[],[],[],[1],[1] ,abs08124
[1],[5],[1],[0],[],[0] ,abs08340
1,6,2,3,1,1 ,abs10530
[0],[],[],[],[1],[1] ,abs03342
[1],[3],[],[0],[],[0] ,abs04965
[1],[3 6],[],[],[],[1] ,abs20838
[0],[],[],[],[1],[1] ,abs00864
[1],[2],[],[3],[],[1] ,abs22161
1,[5],[1],[0],1,1 ,abs21880
[1],[6],[],[0],[1],[1] ,abs15893
[1],[5],[2],[0],[],[0] ,abs17527
[1],[5 6],[1],[0],[],[0] ,abs10805
[1],[3 6],[1],[0],[1],[0] ,abs03235
[0],[],[],[],[0],[1] ,abs03555
1,[],2,[],0,1 ,abs04605
[1],[2],[2],[0],[1],[1] ,abs10532
[1],[6 7],[2],[0],[1],[1] ,abs00502
[1],[5],[2],[0],[],[0] ,abs06339
[1],[6],[1],[0],[1],[0] ,abs16700
[1],[6],[],[0],[1],[1] ,abs00709
[1],[5],[1],[0],[1],[0] ,abs16200
[1],[6],[1],[0],[1],[0] ,abs01032
[1],[6],[1],[3],[],[0] ,abs18117
1,4 5 6,2,0,1,1 ,abs03512
[1],[4 5],[],[0],[],[1] ,abs11450
[1],[1 2],[2],[5 8 9],[1],[1] ,abs02905
[1],[4 5 6],[2],[0],[],[1] ,abs15131
[1],[2],[],[9],[],[1] ,abs22201
[1],[4 5],[1],[0],[1],[0] ,abs11354
[1],[4 5],[],[0],[],[0] ,abs14698
[1],[6],[2],[0],[1],[1] ,abs21594
[1],[6],[2],[0],[],[0] ,abs04085
[1],[6],[2],[0],[1],[1] ,abs00094
[1],[2],[2],[0],[1],[0] ,abs17716
[1],[2 6],[2],[0],[1],[1] ,abs18207
[0],[],[],[],[],[0] ,abs02733
[0],[],[],[],[1],[1] ,abs21830
[1],[6],[0],[0],[],[0] ,abs00112
1,2,2,3,1,1 ,abs13626
[1],[1 2],[2],[26],[1],[1] ,abs13711
[1],[5],[1],[0],[],[0] ,abs21174
[0],[],[],[],[],[0] ,abs18023
[1],[6],[],[0],[1],[1] ,abs20579
[1],[6],[],[0],[],[0] ,abs12388
[0],[],[],[],[],[1] ,abs09374
[1],[6],[0],[0],[1],[1] ,abs13700
[1],[6],[],[0],[],[1] ,abs03496
[1],[3 5],[],[0],[1],[1] ,abs03962
[1],[3 6],[],[0],[1],[0] ,abs18955
[1],[4 5],[2],[0],[],[0] ,abs12524
[0],[],[],[],[1],[1] ,abs01315
[0],[],[],[],[0],[1] ,abs05169
1,3,2,[0],1,1 ,abs13582
[1],[4 5],[],[],[],[1] ,abs14955
[1],[6],[2],[0],[],[0] ,abs18976
[0],[],[],[],[1],[1] ,abs04821
[1],[6],[1],[0],[1],[0] ,abs12223
[1],[4 5],[2],[0],[1],[0] ,abs08978
[1],[6],[],[0],[],[1] ,abs02800
[1],[6],[2],[0],[1],[1] ,abs06936
1,[],[],[0],[],1 ,abs03781
[1],[6 7],[],[0],[1],[1] ,abs17082
[1],[2],[2],[12],[1],[1] ,abs17532
[1],[1 2],[],[22],[],[0] ,abs16427
1,[4 5],[1],[0],1,0 ,abs11732
[1],[6],[2],[0],[1],[0] ,abs04442
[1],[5],[1],[0],[],[0] ,abs07897
[0],[],[],[],[1],[1] ,abs17660
[1],[4 5 6 7],[],[0],[],[1] ,abs12304
[1],[6],[2],[0],[1],[1] ,abs07003
[0],[],[],[],[1],[1] ,abs01789
[1],[6],[0],[0],[],[0] ,abs00005
[1],[2],[2],[0],[1],[0] ,abs11203
[0],[],[],[],[1],[1] ,abs03040
[1],[4 5 6],[1],[0],[1],[0] ,abs11436
[1],[4 5 6 7],[],[0],[],[1] ,abs11603
[1],[4 5],[],[0],[1],[1] ,abs21855
[1],[4 5 6],[],[0],[],[0] ,abs15771
[1],[6],[1],[0],[1],[1] ,abs19550
[1],[6],[2],[0],[],[1] ,abs21137
[0],[],[],[],[1],[1] ,abs10858
1,6,1,[0],1,0 ,abs06805
[1],[4 5],[],[0],[],[0] ,abs15888
[1],[5],[1],[0],[],[0] ,abs07698
[1],[4 5],[1],[0],[1],[0] ,abs07103
[0],[],[],[],[1],[1] ,abs22190
[0],[],[],[],[],[1] ,abs13985
